:020000041008E2
:1000000000000828DDA408104DB10810E1AD08106B
:1000100051B1081055B1081059B108100000000086
:10002000000000000000000000000000ADAE08105D
:100030005DB108100000000061B1081065B1081042
:100040004FA1081075A108109BA10810C1A10810AC
:10005000E7A108100DA2081033A2081059A2081039
:1000600069B108106DB1081071B1081075B10810B0
:1000700079B108107DB1081081B1081085B1081060
:1000800040F0200070472DE9F14FB0B09246049146
:100090000DF142013A9A2B9199464A7000200AE0EC
:1000A0001AF8011B0498309A90470028049000F039
:1000B00034860D98401C0D909AF8000050B1252808
:1000C000EED1002100220791089209910A920B912A
:1000D0000C9204E00D9800F022BE41F001011AF8E4
:1000E000010F2028F9D023280CD02B2804D02D284C
:1000F00005D0302809D00BE041F00201EFE741F0D4
:100100000401ECE741F00801E9E741F01001E6E7FE
:100110002A280FD1D9F8002052F8040BC9F8002082
:1001200000280F9003D540420F9041F004010AF1DE
:10013000010A14E00F92DFF8EC3B0AE00F989842B6
:1001400005DA00EB800402EB4402303A0F920AF128
:10015000010A9AF80020A2F130000A28EED39AF89A
:1001600000002E2803D04FF0FF320E9229E01AF83B
:10017000010F2A2809D1D9F8000050F8042BC9F83A
:1001800000000E920AF1010A1BE02D280CBF0AF1B3
:10019000010A002000220E92DFF8884B0BE040B9E4
:1001A0000E9AA24205DA02EB820503EB4503303BCF
:1001B0000E930AF1010A9AF80030A3F130020A2ADC
:1001C000EDD3ADF840100FF660309AF8001000F053
:1001D000EDFE08B11AF8010B8DF842009DF84200BF
:1001E000682805D19AF8000068280CD1622106E041
:1001F0006C2804BF9AF800006C2804D171218DF896
:1002000042100AF1010A12A806901AF801BBBBF1CC
:1002100025012CD01C3900F09481091F022940F2DD
:100220009081133900F0AB84093900F08A81891E6E
:1002300000F04085491E00F0ED84491E022940F27D
:100240008081091F00F0E684491F00F0EF80491EFD
:1002500000F09584491E00F0D780C91E0CD0891E7D
:1002600000F08D84C91E00F08A8400F02EBD0123A9
:100270000793252100F026BDD9F8000050F8044B63
:10028000C9F80000002C059440F0AB802B99487809
:10029000002800F0A1804FF0FF340FF6942000F00A
:1002A00095FE241A40F0398500F01BBD01236A46F3
:1002B00002A9304600F000FE002840F02E85641EA2
:1002C000F4D13096079C12AF74B1309E17F8011B21
:1002D0000498B0470028049000F01F850D98401C3A
:1002E000641E0D90F2D130960A9C3021002C8DF8BE
:1002F00000100CDD309E01236A4602A9304600F052
:10030000DBFD002840F00985641EF4D13096059F7E
:10031000089C74B1309E17F8011B0498B047002860
:10032000049000F0FA840D98401C641E0D90F2D1E8
:1003300030960B9C3021002C8DF800100CDD309E87
:1003400001236A4602A9304600F0B6FD002840F0BD
:10035000E484641EF4D1309605980899099C4718E6
:1003600074B1309E17F8011B0498B0470028049020
:1003700000F0D3840D98401C641E0D90F2D130968D
:100380000C9C3021002C8DF800100CDD309E0123D8
:100390006A4602A9304600F08FFD002840F0BD8477
:1003A000641EF4D130969DF8400041077FF584AE7D
:1003B0002020002D8DF800007FF77EAE309C0123B9
:1003C0006A4602A9204600F077FD002840F0A58487
:1003D0006D1EF4D130946FE60FF63C30059000F0BE
:1003E00080BC0E9D002D04D5204600F00FFE044673
:1003F00007E02A46204600F025FE002814BF041B13
:100400002C46089400F06DBCD9F8001051F8040B8C
:10041000C9F8001020F00004002121F0FF35CDE9DB
:10042000024512AB0593782100F040BC2B99487827
:1004300020B14FF0FF340FF6B02030E79DF84200B6
:10044000622860D0682817D06A283FD06C2806D070
:10045000712847D074282CD07A281DD062E0D9F8B2
:10046000001051F8040BC9F80010002866D14FF0B5
:10047000FF340FF68C2012E7D9F8001051F8040B66
:10048000C9F8001020B94FF0FF340FF6742006E7CA
:100490000D99018000F025BCD9F8001051F8040B2B
:1004A000C9F80010002849D14FF0FF340FF6502052
:1004B000F5E6D9F8001051F8040BC9F8001000282F
:1004C0003CD14FF0FF340FF63820E8E6D9F80010A1
:1004D00051F8040BC9F8001080B94FF0FF340FF643
:1004E0002020DCE6D9F8001051F8040BC9F8001000
:1004F00020B94FF0FF340FF60820D0E60D9AD3173D
:10050000C0E90023EDE3D9F8001051F8040BC9F855
:10051000001020B94FF0FF340FF6E410BFE60D993C
:100520000170DEE3D9F8001051F8040BC9F800108F
:1005300020B94FF0FF340FF6C810B0E60D990160F6
:10054000CFE39DF842004C2807BFD9F80010CA1D20
:10055000D9F80000C21D22F00702C9F80020D2E934
:1005600000010832C9F80020CDE90201C80F02D00D
:1005700007982D210AE0BDF84000810702D50798B1
:100580002B2103E0C00705D50798202112AA11549A
:10059000401C079012A807994BF0200300EB010CB8
:1005A000DDE90201CDE92C01612BCDF814C021ACAD
:1005B0000BD00E98002848BF062105D404BF4BF08D
:1005C0002000672801D101210E91DDE902014F00D1
:1005D00047EAD0777E15FF174FF0FF32974208BFEA
:1005E000964210D1090341EA10510003002908BFC7
:1005F000002808D0ABF1610503211A2D089118D30A
:100600000FF61C1110E0DDE902014A00521512F14B
:10061000010F11D108030FD1ABF1610503211A2D90
:1006200008911FD30FF600110322604600F036FD3B
:1006300057E30FF6E801F7E7DDE902016A4600F04B
:100640008DFDCDE902014BF02000612811D1059804
:1006500030210170821C0592BBF1610F0CBF782123
:10066000582102E00FF6BC01DEE741700798801CBC
:100670000790DDE9020120F0000231F0004308BFDD
:10068000002A02D10026002542E14BF02008B8F1F3
:10069000610F40F092800E98002847BF2121019100
:1006A000401C0190019FDDE92C017F1C00220023EA
:1006B000DDE9024500F08AFD38BF85F0004500996C
:1006C0008DF88420091F002F00910DF1850632DD81
:1006D000204629460022002300F092FD2BD21C2246
:1006E00000F0A8FD04460D4600F026FEFF1F002F77
:1006F000804609DD00F027FE02460B4620462946CB
:1007000000F028FE04460D46F01D0721B8F1000F49
:100710000CDD491E5EBF08F00F0200F8012D4FEA04
:100720002818F3D502E0002200F8012D491EFAD561
:10073000C61D002FCCDC0DF18500361A01980DF195
:1007400085048642D8BF304600282FD4B04206DA4E
:100750000DF185010A5C082AA8BF0F2100DA0021EB
:10076000024621AB134400E0401E13F80159521E0B
:100770008D42F9D00F2904D10DF185018B5C5B1CF2
:100780008B54002A04D50099091D21AC401C00910E
:10079000411E0BD4621813783033DDB23A2DA4BF5A
:1007A0005B443A3B491E02F80139F4D50E99002901
:1007B00040F1AC80421E0E92A8E00099DFF8E826D6
:1007C00047F29750414391FBF2F20092DDE92C454C
:1007D000C2F10702002A25F0004504DD2046294623
:1007E00000F03EFB0BE052420020DFF8C01600F0A4
:1007F00037FB02460B462046294600F0B4FD04466E
:100800000D46B8F1660F06BF009F0A3706270E98FF
:100810003F18142FC8BF142730208DF884000DF125
:100820008506002F34DD2046294600F0A5FD01464F
:100830000A4606F1080304200A26B2FBF6F606EB88
:10084000860EA2EB4E02303203F8012C0A22B6FBD0
:10085000F2F202EB820EA6EB4E063036401E03F893
:10086000026DE9D1083F002F03F10806D9DD0846E3
:1008700000F089FD02460B462046294600F06AFD3D
:100880000022DFF82C3600F085FD04460D46CAE74D
:100890000DF18500361A0DF1850404E00098401E24
:1008A000761E0090641C20783028F7D0B8F1660FCF
:1008B00002D10098401C04E0B8F1650F0CBF012084
:1008C00000200E9940188642B8BF701E00281DD423
:1008D000B04204DA215C3429C8BF392100DC302160
:1008E0000246631E9D1800E0401E15F80169521E65
:1008F0008E42F9D0392902D1A15C491CA154002AA9
:1009000004D50099491C1C46401C00910646009DD8
:100910000E9F30B2002802DC01260FF210644BF06B
:100920002000662808BF6D1C15D067280FFA85F8CF
:1009300041D118F1040F44DBB84542DA9DF840007C
:100940006D1C010703D430B2B842D8BF074628B2A5
:100950003F1A48BF00270FFA85F8B8F1000F00F3DF
:10096000AF800898411C0891302205990A54002F45
:1009700003DC9DF84000010705D50898411C08914B
:100980002E2205990A5417EB080FB8BF7D422DB2ED
:100990006842ED1932B20B909542B8BF2E46059BC6
:1009A000089836B2099632462146184400F076FB84
:1009B000AD1B0C95CCE0BBF1610F15D14FF0700B66
:1009C00017E030B2B84204DA9DF840100A0758BF69
:1009D00007467F1E48BF0027BBF1670F14BF4FF0CB
:1009E000450B4FF0650B04E0BBF1410F08BF4FF022
:1009F000500B0898411C0891002F059914F8012B01
:100A00000A5403DC9DF84000010719D50898411CE1
:100A100008912E2205990A54002F11DD761E30B25E
:100A20008742B8BF3E460598089B32B2214618441B
:100A300000F034FB089836B23018BF1B08900B97B3
:100A4000059808990844B8F1000F80F800B003D465
:100A50002B224270821C04E02D2145464170821CED
:100A60006D4200212CAB28460AE004460A2094FB84
:100A7000F0F000EB8005A4EB450403F8014B491CA2
:100A800000B20028F1DC012906DC4BF020006528CB
:100A900004BF302002F8010B00292CAB08D1302014
:100AA00002F8010B06E0491E585C303002F8010BD9
:100AB0000029F8DC059908980844121A099247E0C1
:100AC00030B229B288421BDA0598089B32B221461F
:100AD000184400F0E3FA089936B271180891A8EBAF
:100AE0000600002F0B9003DC9DF84000020705D59F
:100AF000059A2E2050540999491C09910C9727E01A
:100B00000598089B2AB22146184400F0C7FA0898B5
:100B1000761B4044002F089003DC9DF840100A0724
:100B200004D5411C08912E2205990A5430B28742FF
:100B3000B8BF3E460598089B32B204EB0801184442
:100B400000F0ACFA089836B23018BE1B08900B962D
:100B50009DF8400000F01400102840F0C280079A71
:100B600008980B99821809988A1882180C980F997E
:100B70008018884280F2B580081A0A90B1E09DF88A
:100B80004200622808D068280ED06A2814D06C2849
:100B90001FD0712810D01CE0D9F8001051F8040BB8
:100BA000C9F80010C0B21AE0D9F8001051F8040BCF
:100BB000C9F8001080B212E0D9F80000C21D22F07E
:100BC0000702C9F80020D2E900010832C9F8002064
:100BD00006E0D9F8001051F8040BC9F80010002104
:100BE000CDE902019DF8400001075AD5DDE9022355
:100BF000002B08BF002A54D04BF02000782850D199
:100C0000079812A930220A54401C431C079301F88C
:100C100000B046E09DF84200622808D068280ED057
:100C20006A2814D06C281FD0712810D01CE0D9F885
:100C3000001051F8040BC9F8001040B21AE0D9F8BE
:100C4000001051F8040BC9F8001000B212E0D9F8F6
:100C50000000C21D22F00702C9F80020D2E90001FD
:100C60000832C9F8002006E0D9F8001051F8040B4A
:100C7000C9F80010C117CDE90201002902D5079873
:100C80002D210AE0BDF84000810702D507982B21ED
:100C900003E0C00705D50798202112AA1154401C73
:100CA000079012A8079901440591594602A800F03F
:100CB0004DF816E001200790D9F8000050F8041B09
:100CC000C9F800008DF848100BE001212522BBF186
:100CD000000F07918DF8482003D0022207928DF86B
:100CE00049B00F9D07990A986D1A08992D1A0B980B
:100CF0006D1A09992D1A0C986D1A9DF840102D1A2D
:100D000048073FF5DFAA2021002D8DF800107FF75E
:100D1000D9AA309E2C46FFF7C9BA4FF0FF3031B048
:100D2000BDE8F08FCBCCCC0C686A6C747A4C0000B8
:100D30007072696E74665F733A2062616420257315
:100D400020617267756D656E740000002DE9FC47C7
:100D500007468A463C6950466F2808BF082505D0DB
:100D6000FFF78EF9782814BF0A251025D7E900016E
:100D70003C2680468946BAF1640F18BFBAF1690F64
:100D800005D1002903D5D8F1000869EB4909B9F16B
:100D9000000F08BFB8F1000F0CD1386B50B9082D07
:100DA0003AD197F83800010736D530223B2684F82F
:100DB0003B2031E08DF800A0404649462A46EB171B
:100DC00000F014FB3032D0B2761E3A2801960EDACB
:100DD000A255404649462A46EB1700F007FB8046DD
:100DE0005FEA010908BFB8F1000F05D108E09DF8DE
:100DF00000001218513AEBE7F868A1198842DBD3DA
:100E0000082D09D197F83800010705D5A05D3028D5
:100E100002D0761E3020A055C6F13C03BB61A1195B
:100E2000F960386B834208DAC31A3B624FF6EF7001
:100E3000398F01403987BDE8F38700280ED597F830
:100E4000380000F01400102808D17A6B7969386AEC
:100E5000521A121AD21A002AC8BF3A62BDE8F387A2
:100E60002DE9D04306460F4614464FF00008DFF840
:100E7000449012E0E00707D542464B4630463946DB
:100E800000F088FA06460F464046494642464B4621
:100E900000F080FA641080468946002CEAD1304682
:100EA0003946BDE8D0830000A08601000000F03F75
:100EB00084D7974100002440F8B505460E461746F2
:100EC0001C4600205CB117F8011BB068A847B06051
:100ED00030B1F06A401CF0620020641EF3D1F2BD14
:100EE0004FF0FF30F2BD00007072696E74665F7380
:100EF0003A20256E20646973616C6C6F77656400BD
:100F00007072696E74663A2062616420256E206199
:100F10007267756D656E7400000000006E616E0092
:100F20004E414E00696E6600494E46003000F0B4F6
:100F30000246106895681318506803EB5004C00708
:100F400048BF4D44A3422DD013F8016B16F00300A7
:100F500004BF13F8010BC01C31090F2907D113F886
:100F6000011B0F3103E013F8017B05F8017B401EE4
:100F7000F9D10029E6D013F8010BC6F38106032E40
:100F800008BF13F8016B00EB0620404228440026FE
:100F9000B71E8F421EBF10F8017B05F8017B761C3F
:100FA000F6D1CFE7F0BC02F10C007047C9B202786D
:100FB0008A421AB11CBF10F8012FF9E718BF0020B0
:100FC00070470268531C03601170704780B500B908
:100FD00006A005490B681BB122220021984701E0B9
:100FE00000F01CFB222002BD18840328636F6E737F
:100FF000747261696E742068616E646C65723A2007
:10100000626164206D6573736167650000F10103BF
:10101000810704D010F8011B820781B1FAD1026860
:10102000A2F10131914311F0803104BF50F8042F37
:10103000F6E709BAB1FA81F100EBD100401CC01A01
:1010400070470000C9B2830706D0521E22D310F8A1
:10105000013B9942F7D11FE0083A13D302F1040291
:1010600041EA012141EA014150F8043B121F21BF2E
:101070004B40A3F1013C2CEA030C1CF0803FF3D061
:10108000C9B2001F083210F8013B521E28BF91EA76
:10109000030FF8D818BF0120401E704762B38B07BA
:1010A00008D0521E11F8013B00F8013B00F02480EB
:1010B0008B07F6D1830740F0208000BF103A07D39A
:1010C00030B4B1E83810103AA0E83810F9D230BC8A
:1010D000530724BFB1E80810A0E8081044BF51F836
:1010E000043B40F8043BD20724BF31F8022B20F820
:1010F000022B44BF0B7803707047121F17D35B009D
:1011000009D151F8043B20F8023B1B0C121F20F8B8
:10111000023BF6D20BE051F8043B00F8013B1B0AFE
:1011200020F8023B1B0C121F00F8013BF3D238BF22
:10113000121D521E24BF11F8013B00F8013BF8D8E4
:101140007047000010B5024651EC100B144600F039
:101150000BF841EC100B226010BD00BF10B5144617
:1011600000F002F8226010BDC1F30A5343B14A00F7
:1011700012F5001F28D2A3F2FE32A1EB02517047F4
:1011800050EA410C20D001F0004C31EA0C01B1FAD8
:1011900081F204BFB0FA80F3D2180B3AB2F1200307
:1011A0002CBF00FA03F1914041EA0C013EBFC2F1AD
:1011B000200C20FA0CF319439040524240F2FD33C8
:1011C000D21A01EB035170470022704741EA030C29
:1011D00050EA4C0C52EA0C0C4FF4001C09D307D017
:1011E0001CEB410F9CBF1CEB430F8B4208BF82429C
:1011F00070471CEB430FFBD8994208BF90427047E1
:1012000041EA030C50EA4C0C52EA0C0C4FF4001C5F
:1012100009D307D01CEB410F9CBF1CEB430F994235
:1012200008BF904270471CEB410FFBD88B4208BFB0
:101230008242704700B541EC100B104600F004F8F4
:1012400051EC100B00BD00BF020030EE101B40F24D
:10125000FF7C37D41CEA115313D063456BD09B1825
:10126000634504D201EB025120EE101B704701F0E0
:10127000004141EA0C51002041EC100BAFF300801B
:10128000704710EE100B50EA410054D0B2F57F7F4A
:1012900008D202EB5C010905002041EC110B20EEA5
:1012A000010B70474FF0FE41002341EC113B20EE53
:1012B000010BB2F57E7230EE101B4FEA410342EB98
:1012C0005353CDE752421CEA115316D0634532D036
:1012D0009A4204D2A1EB025120EE101B70475B1E14
:1012E000D21AA1EB035120EE101B372A0CD3002099
:1012F00001F0004141EC100BC0E710EE100B50EA7A
:10130000410018D0372AF2D2C2EB5C02110500204E
:1013100041EC110BF1EE100A20F01F0121F4F851FD
:10132000E1EE101A20EE010BF1EE101AE1EE100AB8
:1013300011F0080FA2D1704741EC100BBDEEC00BAD
:1013400010EE100A704700EE100AB8EEC00B51EC18
:10135000100B704741EC100B43EC112B30EE410B9E
:1013600051EC100B704741EC100B43EC112B80EE4D
:10137000010B51EC100B704741EC100BBCEEC00B95
:1013800010EE100A704700EE100AB8EE400B51EC58
:10139000100B704741EC100B43EC112B20EE010BAE
:1013A00051EC100B7047000013F0004C03D55B426A
:1013B000524263F100039CEA210C00F0178010B543
:1013C000644603D34942404261F1000100F00EF847
:1013D000640004D34942404261F10001244203D534
:1013E0005B42524263F1000310BD0000BBBBE1B1A0
:1013F000B2F5803F80F07E80022A1ED98C46B1FB78
:10140000F2F102FB11C31B0443EA1043B3FBF2FCED
:1014100002FB1C3380B240EA0343B3FBF2F002FB51
:10142000103240EA0C4000237047022A05D9844656
:10143000B0FBF2F002FB10C270474AB105D100F0D8
:10144000010249085FEA300070470022002370471C
:1014500000F0E8B80B000200002100207047904225
:1014600071EB030CF6D3B3F5803F2FD2F0B5B3FA8E
:1014700083F7B1FA81F4A7F10F0E3D1B5340CEF173
:10148000200602FA0EF2F3415340B5F10F0746D899
:101490000F3C2C444140C4F12006A040F1414140A2
:1014A000B1FBF3F603FB1611A2FB0645001BA94195
:1014B00002D2761E8018594180EA010221FA0EF309
:1014C00062FA0EF200215A403046F0BD30B4B1FB52
:1014D000F3FC03FB1C11A2FB0C45001BA94103D22A
:1014E000ACF1010C8018594130BC02460B466046F5
:1014F00000217047B2F1807F65D3F0B5B2FA82F770
:10150000B1FA81F4C7F10F063D1B22FA06F307F189
:10151000110EF24120355A40B5F10F07B8D94140BC
:10152000C4F12006A040F1414140B1FBF3FC03FBB4
:101530001C11A2FB0C45001BA94103D2BCF1010CFC
:10154000801859410F2F12D30F3FC90341EA504170
:10155000B1FBF3F603FB1611A2FB0645D4EBC0303A
:10156000A94102D2761E8018594146EACC3C07B305
:101570004140C7F12006B840F1414140B1FBF3F6CC
:1015800003FB1611A2FB0645001BA94102D2761EE1
:101590008018594180EA010221FA0EF3C7F12004B4
:1015A00062FA0EF20CFA07F05A402CFA04F13043BA
:1015B000F0BD80EA010221FA0EF3002162FA0EF278
:1015C00060465A40F0BD8C46B1FBF2F102FB11C3FC
:1015D0001B0243EA1063B3FBF2FC02FB1C331B0249
:1015E0004CEA002043EA1063B3FBF2FC02FB1C331D
:1015F0001B024CEA002043EA1063B3FBF2FC02FB3F
:101600001C331B024CEA002043EA1063B3FBF2FCDC
:1016100002FB1C324CEA002000237047012000F03E
:1016200003B800007047000080B5AFF30080024AA5
:1016300011001820ABBEFBE72600020038B5602180
:101640000022DFF8F04B2500280000F08FFE00207C
:1016500020704E2084F84400452084F84C00DFF8C8
:10166000D80B2063002084F83400002084F8350073
:10167000002084F8240018210022DFF8C04B250048
:10168000280000F073FE0020207500F089F800208B
:10169000DFF8AC1B08700020DFF8F81B0870002092
:1016A000DFF8F41B08704FF480610022DFF8EC4B88
:1016B000200000F05BFE08210022DFF8E44B200050
:1016C00000F054FE4FF4FA7000F061FF0223022292
:1016D0005FF4E131022001F011FB1C22DFF8C41B92
:1016E000022001F0C8F9642000F051FF0B22DFF85E
:1016F000B81B022001F0BFF9322000F048FF0B2296
:10170000DFF8A81B022001F0B6F9322000F03FFFFD
:101710000B22DFF89C1B022001F0ADF9322000F013
:1017200036FF0B22DFF88C1B022001F0A4F93220D7
:1017300000F02DFF0B22DFF8CC1B022001F09BF9FB
:10174000322000F024FF0B22DFF8BC1B022001F046
:1017500092F9322000F01BFF0B22DFF8B01B0220B1
:1017600001F089F9322000F012FF0B22DFF8A01BF4
:10177000022001F080F9322000F009FF0B22DFF88F
:10178000941B022001F077F9322000F000FF0121C4
:10179000022001F034FA0120DFF8881B087031BD07
:1017A00010B50020DFF8701B08700020DFF86C1BFC
:1017B00008700020DFF8681B08700020DFF8681B45
:1017C00008700020DFF8641B087080210022DFF819
:1017D000604B200000F0CAFD10BDF8B5DFF8440BE7
:1017E000007800281DD16946022001F061F9002827
:1017F000F9D15CE19DF80000242812D1DFF81C0B20
:10180000002101700021DFF8182B11709DF80010E5
:10181000DFF81C2B0378D1540178491C017001209A
:1018200020706946022001F043F9002800F03F8152
:10183000DFF8E44A20780028DCD002284AD00AD316
:10184000042800F0AB80C0F09380062800F0C78029
:10185000C0F0BB8028E1DFF8C45A28787F2815DA69
:101860009DF80000DFF8C81A2A7888542878401CB0
:101870002870DFF8AC1A0A789DF8000042400A7020
:101880002878062804DB0220207001E0FFF788FF9B
:101890009DF800002A280BD09DF800000D2807D0E5
:1018A0009DF800000A2803D09DF80000242810D1DC
:1018B000FFF776FF9DF8000024280AD19DF800006C
:1018C000DFF86C1A2A7888542878401C2870012088
:1018D0002070A6E79DF800002A2811D1DFF83C0A05
:1018E0009DF80010DFF8482A0378D1540178491C8C
:1018F0000170032020700020DFF8301A087036E0F5
:101900009DF8000024280FD1FFF74AFFDFF80C0AEA
:101910009DF80010DFF8182A0378D1540178491C8B
:1019200001700120207022E09DF800000D2803D0F6
:101930009DF800000A2802D1FFF732FF17E0DFF818
:10194000DC0901787F2910DA9DF80010DFF8E02922
:101950000378D1540178491C0170DFF8C4190A7862
:101960009DF8000042400A7001E0FFF719FF58E7B8
:10197000DFF8A8099DF80010DFF8B4290378D154E6
:101980000178491C01709DF8000000F0E9F80001A1
:10199000DFF8941908700420207042E7DFF87C0912
:1019A0009DF80010DFF888290378D1540178491C8C
:1019B0000170DFF874592E789DF8000000F0D0F81F
:1019C00006432E70052020702BE79DF800000D289F
:1019D00002D10620207001E0FFF7E2FE21E79DF82A
:1019E00000000A285DD1DFF83449DFF844190020EF
:1019F00022788854DFF828090078DFF82C2912783B
:101A0000904249D1DFF89058287808281EDADFF88C
:101A1000306830782278521CDFF88038C0B2C001BC
:101A200003EB00073800FFF739FB2078DFF8701868
:101A3000327888543078401C082190FBF1F201FB89
:101A4000120030702878401C28702AE0DFF8F05728
:101A500028782278521CDFF84438C0B2C00103EB6A
:101A600000063000FFF71AFB2078DFF834182A78D8
:101A700088542878401C082190FBF1F201FB1200E9
:101A80002870DFF810080178491C082291FBF2F356
:101A900002FB1311017004E0DFF8B408C16D491CAA
:101AA000C165FFF77DFEBCE6FFF77AFEB9E6F1BD42
:101AB000F8B50024DFF86C080078002816D1002063
:101AC0004DE008E0380000F0B1FADFF88408816DDD
:101AD000491C816501243078401C082190FBF1F2FB
:101AE00001FB120030702878401E2870DFF8A857DC
:101AF000287800281AD0DFF89C67DFF8A007317833
:101B0000C90100EB0107380000F044F8C0B2012819
:101B100002D00228D6D0D4E7380000F0EDF8DFF884
:101B20003008416D491C41650124D4E72000C0B252
:101B3000002812D000F046FBDFF80007007D0028E7
:101B400006D0DFF80C080078002801D000F0B4FBC4
:101B50000120DFF8FC1781F84D002000C0B2F2BD73
:101B60000100C9B230390A2902D23038C0B210E0BF
:101B70000100C9B24139062902D23738C0B208E0A3
:101B80000100C9B26139062902D25738C0B200E05B
:101B90000020704738B504002078242801D00020A8
:101BA00022E012A503222900E01C01F093F900288D
:101BB00006D003222900A01C01F08CF9002801D1D5
:101BC000012011E00AA503222900E01C01F082F99E
:101BD000002806D003222900A01C01F07BF9002870
:101BE00001D1022000E0002032BD0000524D430030
:101BF0004747410070B403000025002400E0641C46
:101C000020001600C0B2F6B2B04214D22000C0B21A
:101C1000085C00280FD02000C0B2085C2C28EED150
:101C20006D1C28001E00C0B2F6B2B042E7D1641CA1
:101C30002000C0B200E0002070BC704730B585B015
:101C40000400142100226D46280000F08FFB0021C3
:101C500007E00800C0B2205C6A460B00DBB2D0543B
:101C6000491C0800C0B2205C2C280DD00800C0B26E
:101C7000205C2A2808D00800C0B2205C002803D0CD
:101C80000800C0B21328E4DB00206A46C9B25054F1
:101C9000684601F099FA05B030BD38B584B004004B
:101CA000102100226D46280000F060FB002107E0B3
:101CB0000800C0B2205C6A460B00DBB2D054491C5D
:101CC0000800C0B2205C2C280DD00800C0B2205CF7
:101CD0002A2808D00800C0B2205C002803D00800E1
:101CE000C0B20F28E4DB00206A46C9B250546846EF
:101CF00001F012FB05B030BD38B52DED048B0400AA
:101D0000802221000220FFF775FF0100C9B20029DF
:101D100000F08981C0B2205C0100C9B2412904D021
:101D20000100C9B2442940F00381C0B2442801D166
:101D3000022000E00120DFF81856287080222100E0
:101D40000320FFF757FF0100C9B2002904D00100AA
:101D5000C9B2615C2C2900D165E1C0B22044FFF713
:101D60006DFFB0EE409B802221000420FFF742FF70
:101D70000100C9B2002900F05681C0B2205685F892
:101D80004400802221000520FFF734FF0100C9B282
:101D9000002904D00100C9B2615C2C2900D142E1C4
:101DA000C0B22044FFF74AFFB0EE408B80222100F2
:101DB0000620FFF71FFF0100C9B2002900F03381A0
:101DC000C0B2205685F84C009FEDD41B89EE010B64
:101DD000BDEEC00B10EE100AE8876420E98F414386
:101DE00000EE101AB8EEC00B39EE401BBDEEC10B71
:101DF00010EE101AA5F840109FEDC60BB5F8401074
:101E000002EE101AB8EE422B31EE422B22EE002BDE
:101E1000BDEEC22B12EE101AA5F84210E98F02EEA9
:101E2000101AB8EE422B9FEDBF4B81EE041B32EE31
:101E3000011B85ED021B95F94410532905D195ED41
:101E4000021BB1EE411B85ED021B9FEDB42B88EE0A
:101E5000021BBDEEC11B11EE101AA5F84610B5F815
:101E6000461000FB01F001EE100AB8EEC11B38EE7F
:101E7000411BBDEEC12B12EE100AA5F84800B5F8C3
:101E8000480002EE100AB8EE422B31EE422B22EE51
:101E9000000BBDEEC00B10EE100AA5F84A00B5F815
:101EA000460000EE100AB8EE400B9FED9E3B81EE1F
:101EB000031B30EE010B85ED040B95F94C00572800
:101EC00005D195ED040BB1EE400B85ED040B80229E
:101ED00021000720FFF78EFE0100C9B2002910D0B3
:101EE0000100C9B2615C2C290BD0C0B22044FFF7BD
:101EF000A5FEB7EEC00BDFED8D0A20EE200A85EDC2
:101F00000A0A802221000820FFF774FE0100C9B2EE
:101F1000002911D00100C9B2615C2C290CD0C0B2DB
:101F20002044FFF78BFEB7EEC00B85ED0B0A03E0F4
:101F30000020DFF81C140870802221000120FFF728
:101F400059FE0100C9B200292FD00100C9B2615C5D
:101F50002C292AD00A22DFF8F8330100C9B2655CC7
:101F60000100C9B22144497802FB0515B5F1100101
:101F700083F83A100100C9B221448D780100C9B23A
:101F80002144C97802FB0515B5F1100183F83B1017
:101F90000100C9B221440979C0B22044407902FB52
:101FA0000102B2F1100083F83C00802221000920D8
:101FB000FFF720FE0100C9B2002930D00100C9B2EC
:101FC000615C2C292BD00A22DFF884330100C9B2CE
:101FD000655C0100C9B22144497802FB0515B5F1E1
:101FE000100183F839100100C9B221448D78010035
:101FF000C9B22144C97802FB0515B5F1100183F877
:1020000038100100C9B22144097911FB02F1C0B2B4
:102010002044407951FA80F010F5B860D886DFF896
:10202000400300F085F8BDEC048B31BD10B52DEDFB
:10203000028B0400802221000620FFF7DBFD010057
:10204000C9B2002963D0C0B2205C0100C9B23029F6
:102050005DD0C0B22C285AD0802221000720FFF783
:10206000C9FD0100C9B200290BD00100C9B2615CF1
:102070002C2906D0C0B22044FFF70FFEDFF8D012A3
:102080004870802221000820FFF7B4FD0100C9B28A
:1020900000290ED00100C9B2615C2C2909D0C0B260
:1020A0002044FFF7CBFDB7EEC00BDFF8A40280EDB4
:1020B0000C0A802221000920FFF79CFD0100C9B213
:1020C000002924D00100C9B2615C2C291FD0C0B204
:1020D0002044FFF7B3FDB7EEC08B802221000B2018
:1020E000FFF788FD0100C9B200290CD00100C9B278
:1020F000615C2C2907D0C0B22044FFF79FFDB7EEEA
:10210000C00B30EE088ADFF8480280ED068ABDEC8D
:10211000028B10BD000000000070B74000000000FE
:10212000000059400000000000004E40560EED3FF8
:1021300010B40179083101710179182940DB017966
:1021400018390171C178491CC1708178022917D1F1
:102150001C22017811F0030F07D10188642391FB41
:10216000F3F403FB1411002908D101884FF4C8735C
:1021700091FBF3F403FB1411002910D11D220EE092
:102180008178042908D08178062905D08178092929
:1021900002D081780B2901D11E2200E01F22C178D4
:1021A000D2B28A420CD20121C1708178491C81705F
:1021B00081780D2904DB012181700188491C01808F
:1021C00010BC7047624890ED0C0AF7EE000AB4EEBE
:1021D000600AF1EE10FA06D5012180F834100121D1
:1021E00080F8351025E090ED0C0AF0EE000AB4EE10
:1021F000600AF1EE10FA06D5022180F834100121B0
:1022000080F8351015E090ED0C0AF1EE000AB4EEFE
:10221000600AF1EE10FA06D5032180F8341001218E
:1022200080F8351005E0042180F83410002180F892
:1022300035107047E88003280000C642D08203288A
:102240002D84032838B5424C2078002801D1002085
:102250001EE0404D94ED020B85ED000B94ED040B58
:1022600085ED020B95ED000B9FED3B2B20EE020B55
:1022700001F0D2F9B7EEC00B85ED040A01202875F4
:10228000012084F824000020E06100202062012069
:1022900032BD00002E8403282F84032810760328E3
:1022A000BC83032874AE081098AF08108CAF0810D8
:1022B000A4AF0810B0AF08102649087D002820D030
:1022C000234890ED040B91ED021B30EE410B90ED95
:1022D000021B91ED002B31EE421B9FED222B20EED5
:1022E000020B91ED043AB7EEC33A20EE030BB7EEC2
:1022F000C00B80ED070A21EE020BB7EEC00B80ED9C
:10230000080A7047BCAF0810C8AF0810D4AF081057
:10231000E0AF0810ECAF08102884032829840328B4
:102320002A840328278403282B8403282C84032849
:10233000AC7F032806480078002801D0012000E087
:102340000020C0B27047024890F835007047000086
:10235000E8800328D0820328399D52A246DF913FAE
:102360001E81032800000000802DFB4062F30F2235
:1023700062F31F42401810F0030308D0C91A1FD39C
:10238000DB0748BF00F8012D28BF20F8022D1300FD
:1023900030B414461546103928BF20E93C00FAD85D
:1023A000490728BF20E90C0048BF40F8042D8900E8
:1023B00028BF20F8022D48BF00F8012D30BC70471F
:1023C000C91818BF00F8012DCB0728BF00F8012D50
:1023D00070470000022801D301200FE00B00DBB2A0
:1023E000042B01DB012009E0AA4B03EB8000C9B2FA
:1023F000405C824201D3012000E000207047F8B524
:1024000006000F0015001C00022E01D301201CE065
:102410002A003900C9B23000FFF7DCFF012801D1E2
:10242000012012E03800C0B2002811D1B4F5807F3D
:102430000CD299487603304400EB850010F58050AB
:10244000016864F30F2101600020F2BD0120FCE768
:10245000FFB2012F10D1B4F5803F0BD28E48760326
:10246000304400EB850010F5A050016864F317219B
:102470000160E9E70120E8E70120E6E700B2001289
:10248000C0B27047F8B505000E001700280000B272
:10249000FFF7F4FF04002000C0B2022801D301209E
:1024A00023E03A003100C9B22000C0B2FFF792FF2A
:1024B000012801D1012018E077492000C0B2400373
:1024C00008442A00D2B200EB8200D0F8000CF6B229
:1024D00066F3092067F30700E4B264032144EDB218
:1024E00001EB8501C1F8000C0020F2BD70B50400BD
:1024F0000D001600022C01D301201CE0320029003F
:10250000C9B22000FFF766FF012801D1012012E0C7
:1025100061496003085850F0004050F0407050F49A
:102520007F00EDB265F3092066F30700620388506F
:1025300064030859002070BDF8B50600F600574C3A
:10254000574D00212078C001284401F031F912E0F4
:102550002078C001284401F02DF9B842F8D3207842
:10256000C001284401F026F9361A00212078C00164
:10257000284401F01DF94CF25137BE42E8D22078D0
:10258000C001284401F016F98642F8D2F1BDF8B531
:1025900004004FF4FA504443404D414E0021287846
:1025A000C001304401F004F914E02878C00130443F
:1025B00001F000F9B842F8D33A4F3C192878C0012D
:1025C000304401F0F7F83F1839002878C001304452
:1025D00001F0EEF84CF25137BC42E6D22878C00147
:1025E000304401F0E7F88442F8D2F1BD38B594B038
:1025F000502100226C462000FFF7B8FE2A4C002232
:102600000121B4F90000FFF73DFFB4F90000FFF726
:1026100035FF092300220121C0B2FFF7F0FEB4F913
:102620000000FFF72BFF00220121C0B2FFF75EFF81
:102630005FF0FF30009000208DF8040000208DF83E
:10264000050000208DF8060000208DF8080003200A
:102650008DF844000120129001208DF807000F4CE6
:102660000F4D69462078C001284400F0D7FF20783C
:10267000C001284401F092F800212078C0012844CC
:1026800001F096F82078C001284401F0A3F815B0B5
:1026900030BD000064B008100000044085BF02286F
:1026A00000005940B03CFFFF78BF0228022801D348
:1026B000012010E00B00DBB2042B01DB01200AE05B
:1026C000DFF8CC3703EB8000C9B2405C824201D313
:1026D000012000E000207047F8B504000F0015004D
:1026E0001E00022C01D301202AE02A003900C9B2C1
:1026F0002000FFF7DBFF012801D1012020E0069830
:102700003900C9B202291ED1B6F5803F19D220285E
:1027100017D24FF4C052DFF87C1763030B4403EB6E
:10272000850313441F6866F317271F606403214461
:1027300001EB850111440A6860F3C7020A600020BA
:10274000F2BD0120FCE7FFB2032F1FD1B6F1807F5D
:102750001AD2202818D24FF4E052DFF8381763035A
:102760000B4403EB850313441F6807F0FF0757EA88
:1027700006271F606403214401EB850111440A68A8
:1027800060F3C7020A60DAE70120D9E70120D7E742
:1027900000B20012C0B27047F8B505000E00170075
:1027A000280000B2FFF7F4FF04002000C0B20228A6
:1027B00001D3012024E03A003100C9B22000C0B2A8
:1027C000FFF774FF012801D1012019E0DFF8C416DA
:1027D0002000C0B2400308442A00D2B200EB8200BD
:1027E000D0F8000CF6B266F3092067F30700E4B2F4
:1027F00064032144EDB201EB8501C1F8000C002017
:10280000F2BD70B504000D001600022C01D30120AA
:102810001DE032002900C9B22000FFF747FF012860
:1028200001D1012013E0DFF86C166003085850F066
:10283000004050F0407050F47F00EDB265F3092085
:1028400066F307006203885064030859002070BDD6
:10285000D0F840037047D0F80803C005C00D70479A
:10286000C0F840127047D0F80802C005C00D70478C
:10287000D0F80802C0F3C030704738B50500280012
:10288000FFF7F1FF04002800FFF7F2FF0419002C06
:1028900001D1012000E00020C0B232BDC0F8C81F45
:1028A0007047D0F8C80F7047C0F8881F7047D0F83D
:1028B000880F7047016851F000410160704738B5DA
:1028C00004001500C9B2002906D002291ED010D379
:1028D000042935D027D340E0DFF8BC05A0600120F3
:1028E0002073112060734FF48C70E08112202082DD
:1028F00039E0DFF8A805A060012020731120607383
:1029000040F21D10E0816B2020822CE0DFF8900562
:10291000A06001202073112060734FF48E70E0815D
:102920006A2020821FE0DFF87C05A060022020736F
:102930001120607340F21B10E0816920208212E0B8
:10294000DFF86405A06001202073132060734FF44A
:102950008D70E0816820208205E07C22DFF84C1534
:10296000002001F0E6F8EDB2002D06D0022D1ED0B9
:1029700010D3042D35D027D340E0DFF81C052060AC
:1029800000202071112060714FF48C70E0811220C2
:10299000208239E0DFF8040520600020207111203A
:1029A000607140F21D10E0816B2020822CE0DFF886
:1029B000F004206000202071112060714FF48E70AF
:1029C000E0816A2020821FE0DFF8D8042060012027
:1029D00020711120607140F21B10E081692020827B
:1029E00012E0DFF8C4042060002020711320607121
:1029F0004FF48D70E0816820208205E0A822DFF886
:102A0000AC14002001F095F831BD10B5C0B200281B
:102A100006D002280AD006D304280DD009D30EE030
:102A2000DFF88C4411E0DFF88C440EE0DFF88844D6
:102A30000BE0DFF8884408E0DFF8844405E0BD22BD
:102A4000DFF86814002001F074F8200010BD38B5DC
:102A50000400DFF87054C9B22000C0B255F820005D
:102A6000FFF7FEFE2000C0B255F82000FFF705FF7B
:102A70000028F7D031BD70B505000E00140006E047
:102A800031782800C0B2FFF7E2FF641E761C002CEC
:102A9000F6D170BD38B504000D0005E0297820009E
:102AA000C0B2FFF7D4FF6D1C28780028F6D131BDE5
:102AB00070B504000D000020DFF808642000C0B2EB
:102AC00056F82000FFF7C7FE002807D0E4B256F8FA
:102AD0002400FFF7BDFE2870012000E00020C0B2F6
:102AE00070BD70B505000C00DFF8D8632800C0B2D7
:102AF00056F82000FFF7DBFE4008400001002800E8
:102B0000C0B256F82000FFF7CFFE2800C0B256F83A
:102B10002000FFF7CCFE30F0020001002800C0B218
:102B200056F82000FFF7C0FE2800C0B256F820007B
:102B3000FFF7BDFE30F0200001002800C0B256F8BB
:102B40002000FFF7B1FE2800C0B256F82000FFF7C2
:102B5000AEFE30F0400001002800C0B256F8200060
:102B6000FFF7A2FE2800C0B256F82000FFF79FFE34
:102B700030F0100001002800C0B256F82000FFF726
:102B800093FE2800C0B256F82000FFF790FE30F404
:102B9000807001002800C0B256F82000FFF784FEC4
:102BA0002800C0B256F82000FFF781FE30F48060A4
:102BB00001002800C0B256F82000FFF775FE002C77
:102BC0000ED02800C0B256F82000FFF76AFE50F47D
:102BD00000700100EDB256F82500FFF765FE0DE02C
:102BE0002800C0B256F82000FFF75BFE30F40070FA
:102BF0000100EDB256F82500FFF756FE70BD70B526
:102C000005000C00DFF8BC622800C0B256F82000B6
:102C1000FFF747FE4008400001002800C0B256F808
:102C20002000FFF73BFE2800C0B256F82000FFF757
:102C300038FE30F0080001002800C0B256F820002D
:102C4000FFF72CFE2800C0B256F82000FFF729FE3F
:102C500030F0200001002800C0B256F82000FFF735
:102C60001DFE2800C0B256F82000FFF71AFE30F40F
:102C7000807001002800C0B256F82000FFF70EFE59
:102C80002800C0B256F82000FFF70BFE30F40070A9
:102C900001002800C0B256F82000FFF7FFFD280011
:102CA000C0B256F82000FFF7FCFD30F400600100D0
:102CB0002800C0B256F82000FFF7F0FD002C0ED01F
:102CC0002800C0B256F82000FFF7EBFD50F00400DA
:102CD0000100EDB256F82500FFF7E0FD0DE02800F9
:102CE000C0B256F82000FFF7DCFD30F00400010010
:102CF000EDB256F82500FFF7D1FD70BD2DE9F84182
:102D0000A7B005000F00160028003100C0B2C9B2FC
:102D1000884201D1012000E000201C00DFF88C81F6
:102D20004FF4CE724146C0B200F003FF28002100EC
:102D3000C0B2C9B2884201D1012000E0002040F2B7
:102D40009D124146C0B200F0F4FE02A8142100F02A
:102D500071FF342100220DF168084046FFF706FBA1
:102D60004C2100220DF11C084046FFF7FFFAFF003E
:102D70003A00002354480021FEF738FB07002200E8
:102D8000D2B23100C9B202A8FFF799FD08201B900A
:102D90009DF80D008DF870001AAA9DF80C1002988D
:102DA00000F0D7FF06201B909DF815008DF87000ED
:102DB0001AAA9DF81410049800F0CBFF0020079089
:102DC000082008900820099002200B9000200C9009
:102DD00000201290002014903A4C2800C0B254F801
:102DE000200001F037F939492A00D2B23820424395
:102DF0000A4407A92800C0B254F8200000F0E8FFF8
:102E00002800C0B254F82000FFF754FD2A00D2B2C7
:102E10000321BDF91600FFF7BFFCBDF91600FFF74F
:102E2000B7FC17F01F010091C7F357132A00D2B265
:102E30000321C0B2FFF750FCBDF91600FFF7A8FC54
:102E40002A00D2B20321C0B2FFF7DBFCBDF91800A3
:102E5000ADF800000320ADF8020001208DF8040059
:102E600007221B482900C9B250F82110684601F01A
:102E70008FF900212800C0B2FFF7C1FE0021280011
:102E8000C0B2FFF72EFE28B0BDE8F08100000000C0
:102E900064B00810000004400000314000023140DE
:102EA000000531408008314000073140ACAB0810CC
:102EB0000000604000006540000064400000634086
:102EC0000000624064BF022800809698007E0328BC
:102ED00050BF02288AB10B7890F800C09C4506D1FB
:102EE00010F8013B4BB1491C521EF4D105E002D24F
:102EF0004FF0FF30704701207047002070470000FE
:102F000038B52DED028B040082B00D4600F0C18073
:102F100051EC100B31F0004108BF002800F0B980DF
:102F200051EC100B4A00521512F1010F02D10803A7
:102F300000F0AF80002CB7EE008B4AD564425749B1
:102F4000794401F5AC71082008E0E20744BF91ED37
:102F5000001B28EE018B64080831401E002C18BFAE
:102F60000028F2D16846FEF7EDF8009880EE080BD5
:102F7000FEF76AF951EC100B31F0004108BF002850
:102F800070D051EC100B4A00521512F1010F01D113
:102F9000080367D0002C65D06846FEF7D3F8009888
:102FA0009FED7A2B20EE020BFEF74EF951EC100B41
:102FB00031F0004108BF002854D051EC100B4A00FA
:102FC000521512F1010F01D108034BD0641EE3D159
:102FD00048E047DD31497944C2310820E20744BF67
:102FE00091ED001B28EE018B64100831401E002C6F
:102FF00001DD0028F2D16846FEF7A4F8009820EE23
:10300000080BFEF721F951EC100B31F0004108BF1D
:10301000002827D051EC100B4A00521512F1010F75
:1030200001D108031ED0002C1CDD6846FEF78AF88B
:1030300000989FED582B20EE020BFEF705F951EC9E
:10304000100B31F0004108BF00280BD051EC100BE1
:103050004A00521512F1010F01D1080302D0641E7B
:10306000002CE2DC51EC100B31F0004108BF0028CD
:1030700008D051EC100B4A00521512F1010F08D183
:10308000080306D1AFF300801DB1286840F00100AD
:10309000286002B0BDEC028B31BD00BFCC7B0000CC
:1030A0002DE9F14185B0884616461D001CBF002061
:1030B0002860059F05A801F086F8C41020F00800DC
:1030C000012804F0010425D10220009001AB0599EC
:1030D0004246384601F008F910B99FED300B15E073
:1030E0009DED020A0228B8EEC00B0FDB03A9401EBB
:1030F0009FED2C1B51F8042BB0EE402B00EE102A54
:10310000B8EEC00B401E02EE010BF3D10198294628
:10311000801927E0022828D1009001AB059942468A
:10312000384601F0B5F910B99FED1C0B15E09DED87
:10313000020A0228B8EEC00B0FDB03A9401E9FED68
:103140001B1B51F8042BB0EE402B00EE102AB8EEFA
:10315000C00B401E02EE010BF3D10198FEF774F88C
:1031600029463046FFF7CCFE0AE0032808BF9FED52
:10317000110B05D004280CBF9FED100B9FED070B22
:103180000CB1B1EE400B06B0BDE8F081436FAC640A
:103190002806C80A3CBF737FDD4F1575000000008C
:1031A000000000000000000065CDCD4100000000DF
:1031B0000000B041000000000000F07FFFFFFFFFB3
:1031C000FFFFFF7F00236BE700220021FAE70000EA
:1031D0002DE9F84F84B00BB100241C600446A046D2
:1031E00001E008F1010898F80000A0F10903052B9F
:1031F000F7D32028F5D02D2816BF2B2818F8015B0F
:103200002B25002A019103D4012A01D0252A03DBB2
:1032100000295AD00C6058E0002A0CDD102A04BFA7
:1032200098F80000302802BF98F8010040F0200014
:10323000782811D10CE098F80000302818BF0A2235
:103240000AD198F8010040F02000782803D110221C
:1032500008F1020800E00822CDF80C8001E008F136
:10326000010898F800003028F9D0074E7E4418363F
:103270004FF0000906F12800CDF80880CA468DF805
:10328000000017460DE000BF9079000001469DF850
:103290000000081ACA465FFA80FB07FB09B908F16B
:1032A000010898F80010A1F141001A2838BF203118
:1032B0003A4606F12800FDF7C5FE0028E6D103993D
:1032C000414504D1019800B10460002020E002993A
:1032D000F05DA8EB0101091A002910D406DCB9EB56
:1032E0000B0103D3B1FBF7F0504508D0AFF30080DA
:1032F000049808B1012101604FF0FF3903E02D2D42
:1033000008BFC9F10009019808B1C0F8008048461B
:1033100005B0BDE8F08F04E000E000000A220021C3
:10332000F9E7002354E700009FED8F2B20EE021BEE
:1033300053EC112B1946F0B421F0004457EC116BFB
:10334000274647EC126B9FED8A4BB4EE442BF1EE0F
:1033500010FA2DED068B2BD5B6EE002B53EC122B6D
:1033600001F00041194355EC124B0D4645EC124B50
:1033700032EE011BBDEEC11B11EE101A002900F048
:103380009D80BAEEC21B9FED7C3B01EE030B9FEDCF
:103390007C5B01EE050B9FED7C7B01EE070B9FED47
:1033A0007C9B01EE090B9FED7C3B01EE030B85E05E
:1033B00055EC104B6B0043EAD4735A15DB1712F12E
:1033C000010F14D14FF0FF30834208BF824208D171
:1033D0002D0345EA14552403002D08BF002C40F0AE
:1033E000BF80BDEC068B9FED6E0BF0BC704724F0E8
:1033F000000235F0004308BF002A08D1002800F081
:10340000AF80BDEC068BB7EE000BF0BC7047B6EE9C
:10341000002B53EC122B01F00041194355EC124BD9
:103420000D4645EC124B32EE011B53EC112B5D00A7
:1034300045EAD2755400002D08BF002C19D040F287
:103440003341A1EB5551352904DB02F0000203F0B2
:1034500000430CE0202903DD2039CB408B4000E005
:1034600001D1002203E00029C4BFCA408A4043ECD6
:10347000112B53EC112B22F0000433F0004508BF50
:10348000002C17D09FED483B21EE032B9FED3A5BBC
:1034900002EE050B9FED3A7B02EE070B9FED3A9B88
:1034A00002EE090B9FED3AAB02EE0A0B9FED3A5B81
:1034B00002EE050BBDEEC11B11EE101A53EC102BE2
:1034C00023F0004301F0030143EC112B9FED383B47
:1034D0000818B4EE431BF1EE10FA04D5C1073BD532
:1034E000B7EE000B38E0C10720EE001B1AD59FEDA8
:1034F000322B9FED334B01EE024B9FED336B04EE0D
:10350000016B9FED338B06EE018B9FED332B08EEA5
:10351000012B9FED334B02EE014BB7EE000B04EE97
:10352000010B19E09FED307B9FED314B01EE074B16
:103530009FED318B04EE018B9FED31AB08EE01ABBB
:103540009FED317B0AEE017B9FED314B20EE012B8D
:1035500007EE014B02EE040B800748BFB1EE400BB3
:10356000BDEC068BF0BC704783C8C96D305FE43F8B
:103570000000A0FFFFFFDF4100000050FB21B9C1A8
:1035800000000060B41011C00000002026A651BE4B
:10359000000000005C14D3BC000000209A833BBBF9
:1035A000FFFFFFFFFFFFFF7F000000000000303E35
:1035B000000000000000403E09260A1039BA213EF2
:1035C0003BA861C6F97D92BE63AC30909F01FA3E84
:1035D000F6FB51166CC156BFB10255555555A53F66
:1035E000AEFFFFFFFFFFDFBFB08F2FC310D8E53D59
:1035F0008F0C73A1E1E55ABE4DADE44FE31DC73E0C
:103600003EE3B519A0012ABFFAF010111111813F54
:10361000425555555555C5BF012085E610B40122C8
:1036200091F84C30052B03D291F84D30052B01D386
:103630001000A7E0002800F0A480002900F0A1807D
:10364000514A12684B7963F392428B7913F003036A
:1036500063F311420B7A13F0070363F31A62CB7919
:1036600063F39E720B7D63F3000291F8243063F3E1
:10367000410202600A7910F130031C6862F307040A
:103680001C604A79012A0BD18A79002A02D10022D2
:10369000826007E08A79012A04D10A68826001E029
:1036A00001228260CA6802610A694261CA69826154
:1036B0000A6AC2610A680262344A12680B7E03F029
:1036C000FF03120A12021A4391F8303003F0FF038D
:1036D00063F3174291F8403003F0FF0363F31F6276
:1036E00091F8483003F0FF0363F30F224264284A45
:1036F000126891F8383003F0FF03120A12021A43DD
:1037000091F8283003F0FF0363F30F228264214A0B
:1037100012688B7D13F00303920892001A4391F80C
:10372000253013F0030363F38B2291F82C3013F050
:10373000030363F3051291F8343013F0030363F3CA
:10374000092291F83C3013F0030363F3871291F8D8
:10375000443013F0030363F38302C2640E4A126819
:1037600091F84C3013F00703D208D2001A4391F8B5
:103770004D3013F0070363F306124265497D8167FC
:103780000022100010BC704730B1081034B108108E
:1037900038B108103CB1081040B10810016851F070
:1037A000004101607047016821F0004101607047ED
:1037B00081607047806870477830016851F001017E
:1037C0000160704710F170010A6852F001020A604E
:1037D000006F70474030016851F010010160704780
:1037E00082B000200190002000900020019009E0AC
:1037F0000098401C00900098B0F5005FF8D3019845
:10380000401C01900198B0F5805F02D2002000902A
:10381000F1E702B0704780B501000020FFF73AF9E8
:1038200001BD2DE9F043ADF5137D07008846160074
:103830001C000020ADF802000020ADF800000020C0
:1038400002900020ADF804000020ADF806004046CC
:10385000FDF7DCFB0290DFF8A4532888002801D094
:1038600028698047DFF898030078002800F033814A
:103870002888002800F01181BDF90600411CADF830
:1038800006103A00010089B20020EB6898474746CD
:103890004046FDF7BBFB02906888A97990FBF1F0E8
:1038A000ADF804003800471C00780028FAD1002049
:1038B000ADF800000EE07F1E38782F2802D038784F
:1038C0005C2804D1BDF80000401CADF8000002984F
:1038D000401E0290BDF80000022802DA029800287B
:1038E000E9D50298002806D47A1CDFF8181353A8EB
:1038F00000F0D4FE0EE0BDF80000002805D13A002B
:10390000C14953A800F0CAFE04E03A00BD4953A8DB
:1039100000F0C4FE0020ADF8020042E0BDF8001047
:10392000BDF80020BDF8023053AF9BB2BDF90400D2
:10393000434313FA82F0385C43AA89B25054BDF86D
:103940000000401CADF80000BDF8000080B2BDF9D9
:10395000041088420EDA53A8FDF758FBBDF800208A
:10396000BDF802309BB2BDF904104B4313FA82F14B
:103970008842D3D2002043A9BDF800208854BDF965
:103980000600411CADF8061043AAE97911FB00F1CD
:1039900089B20020EB689847BDF80200401CADF8E2
:1039A0000200BDF8027053A8FDF730FBBDF904100A
:1039B000B0FBF1F0401CBFB2874203D20020ADF84B
:1039C0000000C1E73200914953A800F067FEBDF93D
:1039D0000600411CADF8061053AAE97911FB00F16D
:1039E00089B20020EB689847002C74D00020ADF815
:1039F000020041E0BDF80010BDF80020BDF8023023
:103A00009BB2BDF90400434313FA82F0205C43AA41
:103A100089B25054BDF80000401CADF80000BDF85C
:103A2000000080B2BDF9041088420EDA2000FDF7D4
:103A3000EDFABDF80020BDF802309BB2BDF90410CC
:103A40004B4313FA82F18842D4D2002043A9BDF837
:103A500000208854BDF90600411CADF8061043AAA9
:103A6000E97911FB00F189B20020EB689847BDF8B5
:103A70000200401CADF80200BDF802602000FDF716
:103A8000C5FABDF90410B0FBF1F0401CB6B2864295
:103A900021D20020ADF80000C1E74FF48071002270
:103AA0000DF10C094846FEF761FC3800A96888470B
:103AB000002C07D0009433004246554903A800F07B
:103AC000EDFD05E033004246524903A800F0E6FD53
:103AD00003A8A96888470DF5137DBDE8F08380B57C
:103AE0000A0001000020FEF7C6FF002002BD02B55B
:103AF000010000236A46484800F025FF009802BDF7
:103B000010B53F480078002809D0444C210000201F
:103B1000FEF7CEFF012221003F4800F044FE10BD19
:103B200010B514002200D2B20020FEF7A4FF20003E
:103B300010BD38B50C001500C0B2002803D13848BC
:103B40000078002800D131BD36490878002800D01F
:103B5000FEE70878401C087000F00EFB00232A00E6
:103B600021003148FFF75DFEFFF73AFEF6E700213E
:103B700001804FF6FF7141808180FF218171C17109
:103B8000002181600021C1600021016170471B4953
:103B900002880A8042884A8082888A8082798A7173
:103BA000C279CA7182688A60C268CA6000690861A5
:103BB000012013490870704700B585B06846FFF7CB
:103BC000D6FF1A4802906846FFF7E1FF05B000BD36
:103BD00080B5FFF7F1FF002300225FF4E131002000
:103BE000FFF78CF84023124A00210B4801F05EF8E1
:103BF00001210020FFF703F801BD00008C8303289A
:103C00003284032828B008105CAF081034B00810C4
:103C100090AE08102CAF08100083032833840328CB
:103C200084BF0228348403286CAF081017380810AA
:103C3000D4810328002201F059B8000030B4614B50
:103C40001818C009604C14EB001404290DD2236825
:103C50001F25C8008540AB43D2B212F01F02C90035
:103C600012FA01F1194321600CE0091F63681F2556
:103C7000C8008540AB43D2B212F01F02C9008A408F
:103C80001A43626030BC7047002A04D1012212FA44
:103C900001F1416003E0012212FA01F181607047F5
:103CA00010B48900436C0F248C40A34312F00F0220
:103CB00012FA01F11943416410BC704710B4836CCF
:103CC00001248C40A34312F0010212FA01F11943BE
:103CD000816410BC704710B4C36C01248C40A343B2
:103CE00012F0010212FA01F11943C16410BC7047CD
:103CF00010B449001031C36C03248C40A34312F06C
:103D0000030212FA01F11943C16410BC7047426901
:103D1000012212FA01F141614069704710B48369D0
:103D200001248C40A34312F0010212FA01F119435D
:103D3000816110BC704710B44900036C03248C40AF
:103D4000A34312F0030212FA01F11943016410BCFB
:103D50007047F8B505000E0014000027002D2ED086
:103D6000002C2CD0226831002800FFF78DFF227A2A
:103D700031002800FFF762FF626931002800FFF779
:103D80009DFFA26931002800FFF7A5FFE26931001D
:103D90002800FFF7ADFF626831002800FFF780FFC1
:103DA000E26831002800FFF7C6FF31002800FFF766
:103DB000AEFF226931002800FFF7B0FF00E0034F9B
:103DC0003800F2BD0000CFBF0000304001005A00B3
:103DD0002DE9F44FDFF8D822DFF8D8321B68DFF87E
:103DE000D8422468DFF8D4522D68DFF8D4623668F0
:103DF000DFF8D0723F68DFF8D0C2DCF800C0DFF82F
:103E0000CCE2DEF800E0DFF8C882D8F80080DFF806
:103E1000C492D9F80090DFF8C0A2DAF800A0002818
:103E200000F01581002900F012810A68022A06D1EB
:103E300091F82620002A02D15FF0000B03E0D1F8B0
:103E400004B0BBF1010B91F82420002A01D001221B
:103E500000E0002262F3104333F440436BF30303AA
:103E6000022262F3196303600A7812F0030262F31C
:103E70001964046491F82520002A01D0012200E091
:103E8000002262F38615CA7E002A01D0012200E0DA
:103E9000002262F38A254A7E002A01D0012200E036
:103EA000002262F308258A7E002A01D0012200E068
:103EB000002262F349258A6B521E12F00F0262F350
:103EC00013450A69521E12F00702ED08ED00154372
:103ED0004A6962F304154A69520862F3451585641C
:103EE0000A7B002A01D0012200E0002262F30826AA
:103EF0000A7E002A01D0012200E0002262F3492656
:103F00008A68521E12F01F02760976011643C0F825
:103F100000630A7F02F0FF023F0A3F02174391F855
:103F2000202002F0FF0262F31747C0F8107391F8E7
:103F30002720002A01D0012200E0002262F3082C91
:103F40000A69521E12F007025FEADC0C5FEACC0C31
:103F500052EA0C0C4A6962F3041C4A69520862F383
:103F6000451CC0F844C00A7B002A01D0012200E0B1
:103F7000002262F3082E8A68521E12F01F025FEAC6
:103F80005E1E5FEA4E1E52EA0E0E0A68012A01D139
:103F9000012200E0002262F3104EC0F800E291F826
:103FA0003C2002F0FF025FEA18285FEA082852EA84
:103FB0000808C0F8048391F82820002A01D00122C3
:103FC00000E0002262F35969CA6A012A01D1012284
:103FD00000E0002262F318694A6B012A01D1012333
:103FE00000E00023009A63F3104991F8303003F0A9
:103FF000FF035FEA19295FEA092953EA0909C0F8B2
:10400000509091F8443003F0FF035FEA1A2A5FEA08
:104010000A2A53EA0A0AC0F804A28B6CC0F8883F47
:10402000096CC0F8C81F002A10D000205060002082
:104030001060002090600020D060002010620020FE
:10404000D06200201063DFF894005063002210005B
:10405000BDE8F28FDFF8881001605FF44011016461
:104060000021816440F20711C0F800130022C0F85B
:1040700004230022C0F8102300224264C0F800127A
:104080000021C0F80412002101650021C0F8C81EFB
:104090000021C0F8881E0021C0F8C81F0021C0F808
:1040A000881F0021C0F8081F0021C0F8481F704772
:1040B0000160AA0000B1081004B1081008B108108E
:1040C0000CB1081010B1081014B1081018B1081084
:1040D0001CB1081020B1081024B10810EFCDAB00BE
:1040E0000F000003010009B2002908D4012210F0DA
:1040F0001F018A401B4900B2400941F82020704747
:10410000010009B2002908D4012210F01F018A40E1
:10411000154900B2400941F820207047020012B250
:10412000002A04D44901114A00B2115407E04901A0
:104130000F4A00B210F00F00104400F8041C704742
:10414000002800D162B60B480168491C0160704725
:1041500072B608490868002802D00868401E086046
:104160000868704700E100E080E200E000E400E061
:1041700018ED00E0F883032880B5FFF7E9FF00F0B1
:10418000CFFD01BD80B5C9B200B2FFF7C7FF01BDC9
:1041900070B504000D001600200000F0D1FD2900CC
:1041A000B4F9000000F00BFE3100C9B2B4F902000E
:1041B000FFF7E8FFB4F90200FFF7A2FFB4F902002D
:1041C000FFF790FF70BDF0B404682346002200E0C2
:1041D0005B1C1D78A5F10906052EF9D3202DF7D01B
:1041E0002D2D0CBF08222B2D00D15B1C1D7845F016
:1041F00020066E2E26D15A7842F02002612A02BF94
:104200009A7842F020026E2A02D02346002245E02E
:10421000DB1C1C4604222578282D3FD114F8015FB1
:10422000A5F161061A2EF9D3A5F141071A2F24BF73
:10423000303D0A2DF2D325785F2DEFD0292D2DD1D9
:10424000631C2BE0692E2CD15D7845F020056E2D86
:1042500002BF9D7845F02005662D02D0234600223E
:104260001CE013F8034F44F0200442F00302692CD1
:1042700002BF5C7844F020046E2C0FD19C7844F08F
:104280002004692C02BFDC7844F02004742C05D192
:104290001C7944F02004792C08BF5B1DF9B10B6038
:1042A0001DE0302D02BF597841F02001782914D14A
:1042B000991C0C782E2C08BF491C0978A1F16104C7
:1042C000052C84BFA1F14105052D02D930390A29F9
:1042D00003D29B1C42F0020201E042F001020360A3
:1042E0001046F0BC704700002DE9F0478CB0002765
:1042F000149C04EBC404804691464FF0000E2D2C14
:10430000C8BF2D2400201860586001E0491C01201E
:104310000A78302AFAD0002211E01868401C186090
:104320000878302809D04FF0010E06E0A242F4DAF6
:10433000A6F130000DF80200521C491C01200E7835
:10434000A6F130050A2DF1D32E2E08BF491C72B9F3
:104350000D78302D0BD11868401E1860491C0120C3
:10436000F6E7302E18BF4FF0010E491C01200E78E1
:10437000A6F130050A2D0AD2A242F2DAA6F13000E7
:104380000DF80200521C1868401E1860EDE7BEF1DF
:10439000000F8C460DD00DF1FF310D5D6D1C0D55DC
:1043A00007E00DF1FF34A15C49B91968491C196097
:1043B000521E002AF5DC04BF8DF80070012200288F
:1043C00058D04FF0090E92FBFEFEC2F109040EEB2D
:1043D000CE010C44092194FBF1F1002501EBC10150
:1043E000611A18D0012716E053F8271001EB81015C
:1043F00006EB410143F827100BE0092194FBF1F192
:1044000001EBC1011DF80560611AEDD17F1C43F875
:104410002760641C6D1C9542EFDB9CF8001041F096
:104420002001652926D161461CF8012F2B2A16BFD1
:104430002D2A1CF8016B2B2600220024DFF84CE00B
:1044400009E0744504DA04EB840205EB4204303CD5
:104450000CF1010C01229CF80050A5F1300ABAF1D0
:104460000A0FEED32D2E08BF64421E68A4191C60EB
:1044700002B98C46B9F1000F03D000B9C446C9F89F
:1044800000C038460CB0BDE8F08700BF00E1F5057C
:104490002DE9F14F8CB09146DDF85880C8EBC80883
:1044A0004FF0000AB8F1230FC8BF4FF02308C3F83C
:1044B00000A0C3F804A0002501E0491C01250878EC
:1044C0003028FAD069A201925FF000046DA2009238
:1044D0000DF1080B0E461F460EE03868401C386090
:1044E00008E0A045F9DB019A0099801A085C0BF8F6
:1044F0000400641C761C012596F800105BA01622AF
:10450000FCF7A0FD0028ECD130463E4601782F464E
:104510002E2908BF401C002C054616D128783028CB
:1045200013D13168491E31606D1C0127F6E7A045A3
:1045300009DB019A0099801A085C0BF80400641CDE
:104540003168491E31606D1C012729785FF0160221
:1045500046A0FCF777FD0028E9D1A04517DA1BF843
:104560000810072906DD0DF1070111F80820521C7B
:1045700001F8082044463268521C326007E00DF111
:104580000702115D49B93268521C3260641E002C6A
:10459000F5DC04BF8DF808A0012431688900002FE4
:1045A000316055D0072394FBF3F3C4F1070BC3EB41
:1045B000C3035B44072193FBF1F10022C1EBC1016E
:1045C000591A19D04FF0010A16E056F82A100BEBD1
:1045D000011046F82A000DE0072102A893FBF1F133
:1045E000C1EBC10110F802B0591AEED10AF1010A6B
:1045F00046F82AB05B1C521CA242EDDB297841F040
:104600002001702924D1294615F8012F2B2A16BF25
:104610002D2A15F8014B2B2400220023124808E014
:10462000834204DA03EB83020CEB4203303B6D1C44
:10463000012295F800C0ACF1300EBEF10A0FEFD3A5
:104640002D2C08BF5B4234681B19336002B90D463C
:10465000B9F1000F03D007B90C9DC9F800505046BE
:104660000DB0BDE8F08F000000E1F50530313233C8
:104670003435363738396162636465664142434494
:1046800045460000000102030405060708090A0B5D
:104690000C0D0E0F0A0B0C0D0E0F00000CB430B5F4
:1046A00083B00A4606A902910446002501940095AC
:1046B00002AB01A9084878441E30FBF7E4FC019ADC
:1046C000157000284EBF04460198041B204603B015
:1046D00030BC5DF80CFB00BFEBC8FFFF8268891897
:1046E000816003E082684169521A82608168426990
:1046F0009142F7D27047C2688918C16003E0C2686E
:104700004169521AC260C16842699142F7D270474A
:1047100070B50400002C01D0012000E000205422DC
:10472000DFF8C415C0B2FFF704FA0025207850F076
:10473000010020700020A0600020E060606920611E
:104740006078002803D0022810D007D315E06169F3
:10475000002266683000FDF709FE0EE0616949003D
:10476000002266683000FDF701FE06E061698900FD
:10477000002266683000FDF7F9FD00202070280057
:10478000C0B270BD10B50400002C01D0012000E0C3
:1047900000207022DFF85015C0B2FFF7CAF9606937
:1047A0002169401A10BD2DE9F84305001600002DBF
:1047B00001D0012000E000200C00AA22DFF828151B
:1047C000C0B2FFF7B6F900270020002C01D1032763
:1047D000B5E0287810F0050F01D00427AFE0287865
:1047E00050F0040028702869B042C0F0A380D5F8CA
:1047F0001480A868B8EB0008B04567D26878002834
:1048000003D0022841D01FD390E0424621006868BF
:10481000AB6800EB03094846FCF740FC4146280022
:10482000FFF75CFFB6EB080204EB08016868AB68B1
:1048300000EB03042000FCF731FCB6EB080841460E
:104840002800FFF74BFF71E05FEA4802210068682B
:10485000AB6800EB43094846FCF720FC41462800C2
:10486000FFF73CFFB6EB0802520004EB4801686812
:10487000AB6800EB43042000FCF710FCB6EB080823
:1048800041462800FFF72AFF50E05FEA8802210036
:104890006868AB6800EB83094846FCF7FFFB4146BC
:1048A0002800FFF71BFFB6EB0802920004EB88011B
:1048B0006868AB6800EB83042000FCF7EFFBB6EB05
:1048C000080841462800FFF709FF2FE06878002814
:1048D00003D002281DD00ED328E0320021006868E2
:1048E000AB6800EB03042000FCF7D8FB3100280084
:1048F000FFF7F4FE1AE0720021006868AB6800EB75
:1049000043042000FCF7CAFB31002800FFF7E6FE55
:104910000CE0B20021006868AB6800EB8304200063
:10492000FCF7BCFB31002800FFF7D8FE2869861B86
:104930002E6100E00527287810F0FB002870380071
:10494000C0B2BDE8F2832DE9F04705000E001F005C
:10495000002D01D0012000E000201400DFF8888342
:1049600040F25B124146C0B2FFF7E3F8002C01D0E1
:10497000012000E000204FF4AE724146C0B2FFF7C4
:10498000D8F85FF0000800200020002E02D15FF070
:1049900003088BE0297811F0030F03D020605FF04B
:1049A00006089CE02800FFF7EDFE2168884209D246
:1049B00020605FF00708002804D1287810F0F70085
:1049C00028708CE0287850F008002870D5F81490F2
:1049D000E868B9EB00092068814522D3687800288F
:1049E00003D0022813D008D35CE022686868E96825
:1049F00001443000FCF752FB54E022685200686822
:104A0000E96800EB41013000FCF748FB4AE022680E
:104A100092006868E96800EB81013000FCF73EFB1A
:104A200040E06878002803D0022827D011D339E06D
:104A30004A466868E9680144B2465046FCF72EFBD6
:104A40002268B2EB090269684E443000FCF726FB8D
:104A500028E05FEA49026868E96800EB4101B24674
:104A60005046FCF71BFB2268B2EB09025200696852
:104A700006EB49063000FCF711FB13E05FEA890200
:104A80006868E96800EB8101B2465046FCF706FB16
:104A90002268B2EB09029200696806EB89063000D1
:104AA000FCF7FCFA287810F0F7002870FFB2002F0E
:104AB00015D128780B2802D15FF002080FE0287882
:104AC00050F00200287021682800FFF714FE2969C1
:104AD000206841182961287810F0FD0028704046B0
:104AE000C0B2BDE8F0872DE9F04705000E001F00B9
:104AF000002D01D0012000E000201400DFF8E88143
:104B00004FF4DF724146C0B2FFF713F8002C01D01A
:104B1000012000E0002040F2BF124146C0B2FFF782
:104B200008F85FF0000800200020002E02D15FF09E
:104B30000308ABE0297811F0070F03D020605FF085
:104B40000608AFE02800FFF71DFE2168884209D261
:104B500020605FF00708002804D1287810F0F700E3
:104B600028709FE0287850F008002870E868A9684D
:104B7000884203D3A8682168884228D3687800282F
:104B800003D0022817D00AD37CE022686968AB689A
:104B900020681B1A19443000FCF780FA72E0226882
:104BA00052006968AB6820681B1A01EB43013000B2
:104BB000FCF774FA66E0226892006968AB682068C6
:104BC0001B1A01EB83013000FCF768FA5AE0D4F8B5
:104BD0000090A868B9EB00096878002803D0022883
:104BE00035D018D34EE04A4668686969B1EB0901CF
:104BF0000144B2465046FCF751FA2268B2EB090272
:104C00006968AB6820681B1A194406EB0904200088
:104C1000FCF744FA36E05FEA490268686969B1EB7B
:104C2000090100EB4101B2465046FCF737FA226811
:104C3000B2EB090252006968AB6820681B1A01EBED
:104C4000430106EB49042000FCF728FA1AE05FEA6A
:104C5000890268686969B1EB090100EB8101B2461C
:104C60005046FCF71BFA2268B2EB09029200696811
:104C7000AB6820681B1A01EB830106EB8904200056
:104C8000FCF70CFA287810F0F7002870FFB2002F1C
:104C900008D128780B2802D15FF0020802E0280032
:104CA000FFF736FD4046C0B2BDE8F087F8B5040016
:104CB0000E0017001D00002C01D0012000E0002094
:104CC0004FF407720849C0B2FEF733FF0020676057
:104CD0000021217066700021A1600021E160256142
:104CE0006561C0B2F2BD000040AB081000B500BF66
:104CF000130096469446103928BFA0E80C50FAD805
:104D00005FEA417C28BF0CC048BF40F8042BC907AC
:104D100028BF20F8022B48BF00F8012B00BD00007F
:104D2000002007E00549C2018A5822F00042C30171
:104D3000CA50401C3F28F5DB704700000000584077
:104D400030B40021234A1368234A1468002832D063
:104D5000224A1568C5F303250E2D0FD01268C2F341
:104D600003220D2A28D1827812F00F02240924018F
:104D700014430279002A15D0012214E0827812F03F
:104D80000F021B091B0113430279002A01D00122E3
:104D900000E0002262F3DF73114AB0F9000042F82C
:104DA000203009E0002262F3DF740E4AB0F90000FF
:104DB00042F8204000E00649080030BC70470A4B2A
:104DC0001A68002A03D01A6800B242F8201070470F
:104DD0000100560028B108102CB108100000204036
:104DE00000A0204000C0204030BF022838B54FF45A
:104DF000C9610022DFF8184A25002800FDF7B6FA3D
:104E00000020A4F840060020A4F84206002084F800
:104E1000440624210022DFF8584A25002800FDF727
:104E2000A5FA02202070002060700020A0700020F1
:104E3000E07000202071002060710020A07100202F
:104E4000E07100202072002060720020E0600020ED
:104E5000208200206082002020750020A061342183
:104E60000022DFF8104A25002800FDF77FFA002015
:104E700060720020A072002020720020E07231BD1C
:104E8000DFF88C09B0F840067047DFF88419B1F8F4
:104E90004006002804D1DFF8D8090078012820D086
:104EA0000020A1F84206DFF8C80901214170012164
:104EB00081700021C1700021017100214171002128
:104EC00081710021C171002101720021C1600021A6
:104ED000018200214182002101750020DFF8941930
:104EE000C8727047DFF88819087070472DE9F047DD
:104EF0002DED028B9FEDB00A9FEDAF8A0025DFF804
:104F000070697178012940F03C810400200000F0B4
:104F10004BFA0700200000F0A7FA80464246D2B2C2
:104F20003900C9B2200000F017FB82465046C0B2DB
:104F300000F088FB81465146C9B2B07800F091FB81
:104F4000002804D086F802A086F8099018E05046A0
:104F5000B178C0B2884208D1707A5FFA89F94845C1
:104F60000ED2707A401C70720AE0707A002803D06A
:104F7000707A401E707203E086F802A086F80990ED
:104F8000DFF8F09889F80C7089F80D80B07889F80E
:104F90000A00606BC9F814003800C0B200F0DAF9FA
:104FA000207B002813D0A07B002810D0DFF8CC0A8B
:104FB000B0F8400600280AD0200000F02BFCB0EE2C
:104FC000401AD4ED010A94ED000A00F0DFFC002045
:104FD000C9F82C000020C9F830003800C0B2002801
:104FE00007D094ED0B0AB4F92A0000F045FC89EDD6
:104FF0000B0A4046C0B2002804D0200000F0A2FCFA
:1050000089ED0C0A96F806A03078002802D0012815
:105010000ED026E0FFB2002F06D05FF0000A012577
:10502000092089F80B0002E0082089F80B0033E022
:105030005FFA88F8B8F1000F06D05FF0010A012589
:10504000092089F80B000BE0200000F017FA89F81E
:105050000B0099F80B00002802D1082089F80B00FA
:105060001AE04246D2B23900C9B2200000F00DFB6E
:1050700082465046C0B2002802D1FFB2002F08D1AC
:105080005046C0B2012806D15FFA88F8B8F1000F87
:1050900001D0012500E000252800C0B2002815D06D
:1050A00086F806A086F807A089F808A05046C0B286
:1050B000002805D199ED0B0A306A401C306207E0E8
:1050C00099ED0C0AF069401CF06101E09FED3A0A8D
:1050D000B078022809D01AD304280CD008D30628A7
:1050E0000FD00BD307280FD011E09FEDA98A0EE057
:1050F0009FEDA88A0BE09FEDA88A08E09FEDA78AA4
:1051000005E09FEDA78A02E09FEDA68AFFE7DFF8A2
:105110006C09B0F84216B0F84026914206D2B0F8B9
:1051200042160901084490ED038A0AE02800C0B243
:10513000002806D05FFA8AFABAF1000F01D19FED7C
:10514000998AEDB2002D01D19FED958A89ED018AF2
:1051500000F048FBB3EE0E1AFBEE0E0A00F0A4FCC2
:1051600089ED000AF07889F80E00307989F80F008F
:10517000307A89F81000707A89F81100707889F80F
:105180000900BDEC028BBDE8F087000080B531EE70
:10519000400A71EEE00A00F099FCDFEDB10A20EE62
:1051A000200AB5EE400AF1EE10FA03D5DFEDAD0AA4
:1051B00030EE200A01BD00000000000080B530EE96
:1051C000C00A00F03BFC01BD80B531EE400A71EE33
:1051D000E00A20EE000A00EEA00A00F0ADFC01BDDE
:1051E00080B52DED068BF0EE408AB0EE608A0100AE
:1051F00089B2002907D0DFF818160200B1F840364E
:1052000092B29A4202D39FEDB40A38E0020092B201
:1052100012010A4452F8102C09EE102A020092B230
:1052200012010A4452F80C2C09EE902A020092B2A4
:1052300012010A4492ED000A80B200010844D0ED48
:10524000010A30EE49AA70EEE9AA2AEE0A0A0AEE2D
:10525000AA0A00F071FCDFEDA10AB4EE600AF1EEDB
:1052600010FA02D59FED9C0A09E078EEC90A60EEBB
:10527000AA0A39EEC81A41EE0A0A80EE800ABDEC8D
:10528000068B01BD80B52DED068BB0EE418ADFF8AF
:105290008015B1F84006002805D0B1F84206B1F8F3
:1052A0004026904202D39FED8C0A50E0B1F84206AE
:1052B0000001084490ED001AB1F8420600010844CC
:1052C000D0ED011A71EE408A31EEE09AF0EE490A13
:1052D000B0EE680A00F0FAFBDFED610A60EE209A9A
:1052E000F5EE409AF1EE10FA03D59FED5E0A79EEE5
:1052F000809A39EEC88A03E09FED940A38EE008A5E
:105300009FED930AB4EE408AF1EE10FAF4DA9FEDC5
:10531000910AB4EE408AF1EE10FA04D59FED510ADD
:1053200038EE008AF3E7B6EE000A28EE00AA28EE6F
:10533000A80A09EE090A00F0FFFBDFF8640780ED18
:10534000080AC0ED099A80ED068AB0EE4A0ABDEC63
:10535000068B01BDC0B200280CD1DFF81405C1785E
:10536000491CC17000210171C17805290EDB0121A2
:1053700041710BE0DFF8F8040179491C017100214B
:10538000C1700179032901DB0021417170470000E0
:105390009A99193FCDCCCC3ECDCC4C3E3333B33E65
:1053A0009A99993ECDCC4C3F10B490F8301000291A
:1053B00005D10020DFF8B814087500204EE090F801
:1053C0003110142905DA0020DFF8A4140875002034
:1053D00044E0416B40F22D12914205D30020DFF8EA
:1053E00090140875002039E090F83A10032905D18F
:1053F0000020DFF87C14087500202FE0DFF87044EF
:10540000217D002907D1418D2182008F60820120FA
:105410002075012022E0428D218A521A110009B222
:10542000002901D512B25242038F618A5B1A19001A
:1054300009B2002901D51BB25B42418D2182008F48
:10544000608212B22E2A01DB002007E01BB240F27C
:10545000F510834201DB002000E0012010BC704702
:10546000E12E65420000B44380B500F007F8002843
:1054700001D1012000E00020C0B202BD017B002963
:1054800005D0417B002902D0817B002901D1052074
:1054900020E090ED040ADFED6A0AB4EE600AF1EE56
:1054A00010FA01DB052015E0406940F2DD51884229
:1054B00001D306200EE0DFF8C415B1F8400600283D
:1054C00005D0B1F84206B1F84016884201D3072052
:1054D00000E0002070470000000000006F12833AD7
:1054E00070B50C0015001E00FFF7C8FF56EA050155
:1054F000C9B2002907D10100C9B2002901D0C0B248
:1055000022E0082020E02100C9B200290CD1F6B227
:10551000002E07D10100C9B2002901D0C0B213E0AA
:10552000052011E001200FE0E4B2012C0BD1EDB217
:10553000002D04D0DFF838034079002801D0032083
:1055400002E0022000E0002070BD00000000B4C3B3
:1055500001003443000034C310B4DFF81443A378CF
:10556000032B0CD1837F002B09D0017E002904D0AE
:10557000407E022801DB04205FE003205DE0A37889
:10558000022B07D1837E002B02D1C37E002B01D0DA
:10559000022052E0A378062B08D190F82630002B89
:1055A00002D1437E002B01D0062046E0A378052BD4
:1055B00009D190F82230002B03D190F82330002B32
:1055C00001D0052039E0837F002B09D0017E00291E
:1055D00004D0407E022801DB04202EE003202CE0D2
:1055E00090F82230002B05D090F82330022B01DBFD
:1055F000052022E090F82630002B03D090F82730C9
:10560000022B05DA037E002B04D0437E022B01DB44
:10561000062012E0837E002B04D0C07E002801D03B
:1056200002200AE0D2B2002A01D0072005E0C9B268
:10563000002901D0012000E0002010BC70470000CC
:1056400001006040C0B2801E07D0401E022802D96F
:10565000C01E02D003E0022002E0012000E0002092
:1056600070470200D2B2032A05D10A00D2B2042A3E
:1056700001D1012008E0C0B2072804D1C9B2012934
:1056800001D1012000E00020704770B50500130033
:10569000774CA07802280BD0A078032808D0A078F7
:1056A000042805D0A078052802D0A078062818D1B3
:1056B000C9B2002910D0A079002805D004206D4976
:1056C000C8720020207205E001206A49C872207A61
:1056D000401C2072002084E008206649C872A0792E
:1056E0007FE00800C0B200282BD06079002828D1C4
:1056F000A07901280ED11800C0B200280AD0207A63
:10570000052807DA02205B49C872207A401C207203
:10571000012066E0A079002805D004205549C87210
:10572000002020720BE0DBB20A00D2B20021280078
:10573000FFF7D6FE4F49C872207A401C2072002025
:105740004FE01800C0B2002816D0A079012805D07B
:1057500003204849C872002020720BE0DBB20A0027
:10576000D2B201212800FFF7BBFE4249C872207A5D
:10577000401C2072012034E0C9B2002922D0A07957
:1057800000280CD03B4E2800FFF778FEF072F07A2C
:10579000002801D10520F0720020207210E02800BE
:1057A000FFF76CFE002805D02800FFF767FE31499F
:1057B000C87202E001202F49C872207A401C207272
:1057C00000200EE02800FFF759FE002805D0280031
:1057D000FFF754FE2749C87202E008202549C87225
:1057E000A07970BD10B5224CD4ED030A30EE600AEA
:1057F000B1EE081AF9EE080A00F056F9D4ED030AE2
:1058000030EE800A84ED030A94ED030A10BD000017
:10581000C86F032890ED0F0AF6EE000AB4EE600A96
:10582000F1EE10FA1ED590ED100ADFED910AB4EEFC
:10583000600AF1EE10FA15DB90ED100ADFED8D0A2B
:10584000B4EE600AF1EE10FA0CD590ED100AB5EE48
:10585000400AF1EE10FA05D09149026C8A6290ED8F
:10586000100A04E08E4982688A6290ED020A70474D
:105870004882032814820328F0EE400A9FED7E1A26
:10588000010009B200EE101AB8EEC00A20EE010ABB
:1058900084498978022907D048D3042920D011D31C
:1058A000062935D026D341E000B200EE100AB8EE4A
:1058B000C00A9FED731A20EE010AB1EE081A00EE3D
:1058C000810A3EE000B200EE100AB8EEC00A9FED79
:1058D0006D1A20EE010AB0EE081A00EE810A30E0DF
:1058E00000B200EE100AB8EEC00ADFED670A20EE43
:1058F000200A26E000B200EE100AB8EEC00A9FEDC2
:10590000631A20EE010AB0EE001A00EE810A18E0D8
:1059100000B200EE100AB8EEC00A9FED5D1A20EE4C
:10592000010AB7EE081A00EE810A0AE000B200EEA2
:10593000100AB8EEC00A20EE010AB1EE041A00EE19
:10594000810A704710B52DED028B04002000FFF78F
:1059500061FFB0EE401AF0EE001AD4ED010A94EDAA
:10596000000AFFF78FFCB0EE408A4448B0F84206C8
:10597000D4ED010A94ED000AFFF732FC484880EDAF
:10598000070AB0EE480ABDEC028B10BD70B52DEDD4
:10599000048BB0EE408AF0EE608AB0EE419A374C4C
:1059A000B4F84206B4F84016884244D2B4F842062D
:1059B000000104EB0005D5ED011A95ED001AF0EE9B
:1059C000680AB0EE480AFFF7FFFBF0EE409A344E4B
:1059D000C6ED089AD5ED011A95ED001AF0EE680AA9
:1059E000B0EE480AFFF7D2FBF0EE400AC6ED090A16
:1059F000B0EE490AFFF7E2FB86ED060AB7EE000AB1
:105A0000F4EE409AF1EE10FA15D5B4F84206401CB7
:105A1000A4F84206B4F84206B4F8401688420AD305
:105A200094F84406002803D00020A4F8420602E0BF
:105A300003201C494870BDEC048B70BD03E0DFED12
:105A4000150A30EE200ADFED140AB4EE600AF1EE1A
:105A500010FAF4DADFED110AB4EE600AF1EE10FA92
:105A600004D5DFED040A30EE200AF3E770470000AA
:105A7000FFFFB3C30000B443CDCC4C3EC86F032836
:105A80009A99993EEC51383ECDCCCC3D295C0F3EE5
:105A90008FC2F53D0000B4C301003443000034C39D
:105AA0001482032848820328B4EE600AF1EE10FA4B
:105AB00002D5B0EE600A07E0B4EE401AF1EE10FA3B
:105AC00002D5B0EE410AFFE77047000052EC101A11
:105AD000B0EEC00AC80F49005200F0EEE00A28BF3D
:105AE0000C3011F1807F38BF12F1807F0CD28A42D6
:105AF00038BF80F00400124214D034BF80EE800A18
:105B000080EE200A00F028B811F1807F08BF80F0F5
:105B1000040098BF12F1807F08D88A4214BF002287
:105B20004FF07E5200EE102A00F016B86FF00041E0
:105B300000EE101A70470000B5EEC00AF1EE10FA40
:105B400002D4B1EEC00A70476FF0004C00EE10CAEC
:105B5000AFF30080704700001AA210EE101A43F253
:105B6000A40CC3F6896CF2EC060A614509DB00EE71
:105B7000803A70EE800A83EE200A40F0020010EEB8
:105B8000101A4900D1F1E6410BD860EE000A20EE70
:105B9000203A03EE010A01EEA02A42EE202A80EE0E
:105BA000220A400810F0020F18BFB1EE400A02EBC3
:105BB0008002D2ED000A30EE200A28BFB1EE400A82
:105BC00070470000D7B3DD3F6AD5033F2B94A93D52
:105BD000B82A593F0000803F000080BF000000004D
:105BE000920A063FDB0FC93F920A863FDB0FC93F8F
:105BF000920A0640DB0F4940368D274038B5002415
:105C00006420DFF8A01908705E20DFF89C19087086
:105C10005E20DFF89819087000F0ABFF00280AD06A
:105C20004FF4FA70FCF7B3FC641C2000C0B20628E5
:105C3000F2DB012045E0DFF87809DFF87819016030
:105C4000BC2181807821C180002101724FF4F7715D
:105C50000022DFF8644925002800FCF787FB0020BC
:105C6000A4F8E0010020A4F8E201002084F8E80193
:105C7000002084F8E901642084F8EA01122100225E
:105C8000DFF838492000FCF771FB12210022DFF811
:105C900030492000FCF76AFB0020DFF82819087063
:105CA0000020DFF8241908700020DFF820190870A0
:105CB0000020DFF81C1908700020DFF8B01B087006
:105CC000002032BD2DE9F84F8B4600250026002725
:105CD000002400205FF000085FF064094FF40071B9
:105CE0000022DFF88CABCDF800A00098FCF73EFB5B
:105CF00000981E211AE003009BB2D35C9C465FFA19
:105D00008CFC3AF81CC01CF1010C9E465FFA8EFE1A
:105D10002AF81EC056FA83F66D1C401C0300DC46B0
:105D20009BB21FFA8CFC6345E5D3491C080080B286
:105D30005A2808DADFF87C280B009BB2BC204343CA
:105D40001A440020EAE7002D01D1642043E05FF00F
:105D5000010B14E080FB00010023FBF725FB8045CD
:105D60000BD28046D94608E002FB07F0F11B04FB8A
:105D7000110002FB04F2002AECD11BF1010B584682
:105D800080B2FF2818DA584680B20AEB400030F89B
:105D9000020C14FA80F4594689B2491E584680B262
:105DA0000AEB400030F8020C00FB01772A1B002CA4
:105DB00001D0002AD8D1E0E74846C0B21E2802DA56
:105DC0005FF01E0905E04846C0B2DD2801DB5FF048
:105DD000DC094846C0B2BDE8F28F10B50120DFF8FB
:105DE000D0170872DFF8BC477822BC21DFF8C4075F
:105DF000FFF768FF20702078DFF8781A81F8EA0151
:105E000000F00DF800F03BF800F013FA00F0D6FABD
:105E100000F00BFB00F08FFB00F0DCFB10BD70B45A
:105E2000DFF880070078772100E0491E0A0012B2EF
:105E30000A2A22DBBC23DFF87C2711FB03F422446F
:105E4000DFF8344A11FB03F3234400240DE000255E
:105E500007E00500260036B2965DEDB2B542F6D2F7
:105E6000FF25260036B29D55641C25002DB2BC2DA1
:105E7000EFDB0A0012B20A2AD7D170BC70472DE9B5
:105E8000F84F00240025DFF83067002086F8EB018A
:105E9000002086F8EC017821002216F5B47738004E
:105EA000FCF764FA7721DFF8D0290B009BB2BC2005
:105EB00043431A44DFF8F036002018705E2700E0F4
:105EC0007F1E380000B201280CDB380000B2105CE5
:105ED000FF28F5D1380000B2104410F8010C00285A
:105EE000EED11F70DFF8C476BB2038705FF05E0C17
:105EF00001E01CF1010C604600B2BB280CDA6046E0
:105F000000B2105CFF28F4D1604600B21044407823
:105F10000028EED187F800C018780A0092B2B05479
:105F2000387889B2314481F8780018783978884215
:105F300004D239781878091A0C196D1C1A78187857
:105F4000ADF800003B783978762700E07F1E3800F6
:105F500080B20A28C0F25D81DFF81CC9BE461FFA74
:105F60008EFEBC2000FB0EFEE6445FF000085FF0F2
:105F7000000CFF20B9461FFA89F906F80900B94656
:105F80001FFA89F9B14489F87800100000B210288E
:105F900002DB12F1F10901E05FF00009100000B22C
:105FA0000F30BC2802DA12F10F0A01E05FF0BB0AE1
:105FB0005FFA8AFA01E0BAF1010A4846C0B2D34654
:105FC00000B20FFA8BFB584512DA504600B21EF8A9
:105FD0000000FF28EFD1504600B2704410F8010CC9
:105FE0000028E8D1380080B206F800A05FF0010870
:105FF0004046C0B2002810D15FFA89F9B9F1000F0C
:106000000BD19EF80000002807D10020B8461FFAE7
:1060100088F806F808005FF001085FFA88F8B8F120
:10602000000F37D1BDF80000101A80460FFA88F82B
:10603000B8F1060F00DB052080460FFA88F818F14A
:10604000050F01DA7FF00400801880460FFA88F807
:10605000B8F1000F00D5002080460FFA88F8B8F19B
:10606000BC0F00DBBB20B8461FFA88F806F8080012
:1060700096F8EB01401C86F8EB01380080B2304402
:1060800090F8680150F00100B8461FFA88F8B04453
:1060900088F86801180000B2102802DB13F1F1083B
:1060A00001E05FF00008180000B20F30BC2802DAEF
:1060B00013F10F0901E05FF0BB095FFA88F801E016
:1060C00018F101084046CA465FFA8AFA00B20FFA90
:1060D0008AFA504512DA404600B21EF80000FF2846
:1060E000EED1404600B2704440780028E8D1380034
:1060F00080B2304480F878805FF0010C6046C0B216
:10610000002811D15FFA89F9B9F1BB0F0CDB9EF8B9
:10611000BB00002808D1BB20BC461FFA8CFCB4444D
:106120008CF878005FF0010C5FFA8CFCBCF1000F7A
:106130002DD1591A080000B2062800DB05210800FD
:1061400000B210F1050F01DA7FF00401C918080050
:1061500000B2002800D50021080000B2BC2800DBF6
:10616000BB21380080B2304480F8781096F8EC01FA
:10617000401C86F8EC01380080B2304490F8680189
:1061800050F00100390089B2314481F86801ADF85E
:106190000020380080B2305CFF2803D0380080B285
:1061A000325CFFE71900380080B2304490F8780084
:1061B000FF2805D0380080B2304490F87830FFE7EF
:1061C000380080B2305CFF281ED0380080B23044E6
:1061D00090F87800FF2817D0380080B2305CBC46B9
:1061E0001FFA8CFCB4449CF878C060450CD238008F
:1061F00080B2304490F878C0380080B2305CBCEB9C
:10620000000C54FA8CF46D1C380080B20A287FF41C
:106210009DAE2800C0B2002804D02800C0B2B4FB54
:10622000F0F000E0002086F8E40186F8E551BDE8D2
:10623000F18F30B4DFF83C1691F8E4211000C0B2C1
:10624000142800DA1422762300E05B1E180080B2C6
:106250000B28C0F2B180180080B2085CFF2824D05F
:10626000180080B208444078FF281ED0180080B281
:106270000C5C180080B208444078241A24B20A3416
:10628000152C12D3180080B2084440781C00A4B228
:106290000855180080B2084490F8680150F00100D9
:1062A0001C00A4B20C4484F86801180080B20844B1
:1062B00090F87800FF282BD0180080B2084490F89E
:1062C0007900FF2824D0180080B2084490F8784064
:1062D000180080B2084490F87900241A24B20A34D5
:1062E000152C15D3180080B2084490F879001C00D2
:1062F000A4B20C4484F87800180080B2084490F8E6
:10630000680150F001001C00A4B20C4484F868013C
:10631000180080B2085CFF2849D0180080B20844F9
:1063200090F87800FF2842D0180080B2085C1C006A
:10633000A4B20C4494F87840A04238D2180080B23D
:10634000084490F87840180080B2085C241A2000B5
:10635000C0B21438A1280BD3180080B2084490F8BA
:10636000680150F001001D00ADB20D4485F86801D0
:10637000E4B21000C0B2241A200000B2002801D5F7
:1063800024B264421500EDB228204543A4B2642033
:106390004443A5420BDA180080B2084490F8680123
:1063A00050F001001C00A4B20C4484F868011800ED
:1063B00080B20B287FF449AF30BC704730B47720EF
:1063C00000E0401E010089B20A292CDBDFF8A4148A
:1063D000020092B28A5C03009BB20B4493F87830BF
:1063E0001400E4B2FF2C14D01C00E4B2FF2C10D037
:1063F00014001D00E4B2EDB2AC420AD2DBB253FA93
:1064000082F292B2520803009BB2194481F8F02044
:1064100005E05E2203009BB2194481F8F0200100E0
:1064200089B20A29CDD130BC70472DE9F041002155
:106430000022002300245E260025772700E07F1E2F
:10644000380080B20A283EDBDFF828C4380080B26A
:10645000604490F86801002831D1380080B21CF8FF
:106460000000FF282BD0380080B2604490F87800FC
:10647000FF2824D0380080B2604490F8F000B0F1DA
:106480005E0EB7F109080FFA8EFE404680B200FB9F
:106490000E1112FA88F25B1C2800C0B2002808D046
:1064A000380080B2604490F8F00054FA80F436B2BC
:1064B000A41B380080B2604490F8F0606D1C380076
:1064C00080B20A28BBD12800C0B202280ADB6420AF
:1064D0004443EDB26D1E94FBF5F0DFF89843A4F849
:1064E000E60104E00020DFF88C43A4F8E601012A6D
:1064F00010DBDBB20F2B0DDBDFF8780391FBF2F141
:10650000A0F8E011B0F8E011A0F8E211012180F844
:10651000E9110AE0DFF85C030021A0F8E011002196
:10652000A0F8E211002180F8E911DFF84803B0F982
:10653000E001BDE8F081DFF83C1391F8E5010A289D
:1065400003DB91F8E901002803D1032081F8E80179
:1065500026E0B1F9E601020012B2002A01D500B22C
:106560004042020012B2652A03DA002081F8E801F5
:1065700016E000B2B0F5967F0BDBB1F9E601012819
:1065800003DB012081F8E8010AE0022081F8E8013C
:1065900006E091F8E801032802D1002081F8E80123
:1065A000704700001C8403281D8403281E840328D0
:1065B000B0830328A8170328107C0328BC82032873
:1065C000788303281F840328208403282184032838
:1065D0002284032870B512210022A84C250028002F
:1065E000FBF7C4FEA34991F8E901002812D091F805
:1065F000E50124280EDB91F8E40179280ADB91F803
:10660000EA015F2806DA012020700120A073B1F8AA
:10661000E001208291F8E901002812D091F8E5010B
:106620002E280EDB91F8E4018338312809D2B1F924
:10663000E0011330272804D20120A070B1F8E00156
:10664000A08091F8E901002814D091F8E5012928EB
:1066500010DB91F8E40178280CDA91F8EB011928A5
:1066600008DA91F8EC01192804DA0120A072B1F8D7
:10667000E001A08191F8E901002826D091F8E50118
:106680001F2822DB91F8E40165281EDBB1F9E00147
:1066900010F10F0F05DA0120A0717FF018002081A2
:1066A00013E0B1F9E001102804DB0120A0711920EA
:1066B00020810AE0B1F9E601963040F22D118842BE
:1066C00003D30120A07100202081207800280CD065
:1066D0006B4801786B4A12786B4B1B789A18914281
:1066E0000ADA0178491C017006E06549087800283B
:1066F00002D00878401E0870A07800280FD06348A8
:106700000178634A1278634B1B789A18914202DA37
:106710000178491C0170A0885F49888006E05B49C8
:106720000878002802D00878401E0870A07A002857
:106730000FD05A4801785A4A12785A4B1B789A1847
:10674000914202DA0178491C0170A089524988817E
:1067500006E052490878002802D00878401E0870E8
:10676000A07B00280FD0414801784F4A12784F4B48
:106770001B789A18914202DA0178491C0170208A2C
:106780004549088206E039490878002802D008788F
:10679000401E0870A07900280FD045480178454A6E
:1067A0001278454B1B789A18914202DA0178491CFD
:1067B000017020893849088106E03D4908780028A1
:1067C00002D00878401E087033492D4C207848705C
:1067D0002E4D2878C87036480278CA712F4A13782F
:1067E000CB72224B1E78CE732478264E3678B44274
:1067F00001D3012400E000240C702C78244D2D7866
:10680000AC4201D3012400E000248C701278244CA7
:106810002478A24201D3012200E000228A721A7871
:10682000214B1B789A4201D3012200E000228A7397
:106830000078204A1278904201D3012000E0002025
:1068400088718878002801D100208880887A002803
:1068500001D100208881887B002801D10020088296
:106860008879002801D10020088170BD2384032885
:10687000107A0328107C032888BF02287883032815
:106880001F8403287ABF02287BBF022820840328A4
:106890007CBF02287DBF0228BC82032822840328F3
:1068A00080BF022881BF022882BF022883BF02283E
:1068B000218403287EBF02287FBF0228022801D33B
:1068C000012010E00B00DBB2042B01DB01200AE009
:1068D000DFF8B43303EB8000C9B2405C824201D3DD
:1068E000012000E000207047F8B506000F001500F9
:1068F0001C00022E01D301201DE02A003900C9B27C
:106900003000FFF7DBFF012801D1012013E0380040
:10691000C0B2002812D1B4F5807F0DD2DFF86C032D
:106920007603304400EB850010F58050016864F375
:106930000F2101600020F2BD0120FCE7FFB2012F12
:1069400010D1B4F5803F0BD2D0487603304400EB31
:10695000850010F5A050016864F317210160E9E794
:106960000120E8E70120E6E700B20012C0B270475C
:10697000F8B505000E001700280000B2FFF7F4FF7D
:1069800004002000C0B2022801D3012023E03A0015
:106990003100C9B22000C0B2FFF790FF012801D139
:1069A000012018E0B9492000C0B2400308442A0081
:1069B000D2B200EB8200D0F8000CF6B266F30920E8
:1069C00067F30700E4B264032144EDB201EB8501F3
:1069D000C1F8000C0020F2BD70B504000D001600D7
:1069E000022C01D301201CE032002900C9B2200092
:1069F000FFF764FF012801D1012012E0A3496003E1
:106A0000085850F0004050F0407050F47F00EDB254
:106A100065F3092066F30700620388506403085990
:106A2000002070BD10B59A48FCF7CCFE45F6200258
:106A3000130098490C00012B0EDB14F01F00C31843
:106A4000BFF34F8F944804602034203B012BF9DAC8
:106A5000BFF34F8FBFF36F8F904C2000FAF71EFBF0
:106A600001208F49087010BD10B596B040F2611436
:106A7000002201212000FFF77BFF2000FFF774FFB9
:106A8000092300220121C0B2FFF72EFF2000FFF7EB
:106A90006BFF00220121C0B2FFF79EFF4FF4CD70C3
:106AA000ADF800000320ADF8020001208DF80400CD
:106AB00000227C496846FDF76BFB5021002202ACA6
:106AC0002000FBF753FC0020029000208DF80C0002
:106AD00001208DF80D0000208DF80E0000208DF8AB
:106AE000100003208DF84C000120149000208DF838
:106AF000540000208DF85500654C02A92000FCF7D9
:106B00008DFD2000FCF74AFE2000FCF755FE66488C
:106B1000FCF760FE16B010BD10B58EB001248A20BF
:106B2000009089234FF4C87200210AA800F092FB5C
:106B30000AA800F03FFC002817D168465B492822CC
:106B4000FAF7BCFA5A480178491CBC2211FB02F141
:106B5000ADF812100078401C782110FB01F0ADF860
:106B60001600684600F056FC04002000C0B20EB0CB
:106B700010BD2DE9F8430020BFF34F8FBFF36F8F97
:106B80004C4C206830F4003020604B4E00203060C8
:106B9000BFF34F8FBFF36F8F484F00203860BFF3B4
:106BA0004F8F206830F480302060BFF34F8FDFF8C4
:106BB0001081D8F80010C1F34E32C1F3C90343F677
:106BC000E07515EA421050EA8370DFF8F8C0CCF89F
:106BD00000001800431E0028F1D11000421E0028BA
:106BE000EBD1BFF34F8FBFF36F8F7820364908800A
:106BF000BC2036490880FFF78FFF81464846C0B267
:106C0000002801D1FFF730FF2068800311D4BFF3C3
:106C10004F8FBFF36F8F00203060BFF34F8FBFF3F4
:106C20006F8F206850F400302060BFF34F8FBFF3A8
:106C30006F8F2068C00321D400203860BFF34F8FCE
:106C4000D8F80010C1F34E32C1F3C90315EA42105F
:106C500050EA83701E4E30601800431E0028F5D1A4
:106C60001000421E0028EFD1BFF34F8F206850F470
:106C700080302060BFF34F8FBFF36F8F4846C0B2A4
:106C8000BDE8F2830000000064B00810000004407A
:106C9000801D5840246002285CEF00E0A8170328FC
:106CA00035840328256A0810001E58404CAD081092
:106CB0003684032814ED00E050EF00E084ED00E09E
:106CC00080ED00E074EF00E0F06B0028F26B00282C
:106CD00060EF00E01CB50400002C01D0012000E0B2
:106CE00000204122DFF8A414C0B2FCF722FFDFF835
:106CF000A00401212278D21010EBC212237813F0E5
:106D0000070311FA03F313602279D21010EBC210BB
:106D1000227912F0070211FA02F20260E068009094
:106D20000098421E00920028FAD1DFF868242079EA
:106D3000C01012EBC010237913F0070311FA03F30C
:106D40000360E06800900098431E00930028FAD189
:106D50002078C01012EBC012207810F0070081409C
:106D60001160E06800900098411E00910028FAD15F
:106D700013BD1CB50400002C01D0012000E0002050
:106D80005522DFF80814C0B2FCF7D3FEDFF8040484
:106D900001212279D21010EBC212237913F00703DC
:106DA00011FA03F313602278D21010EBC21022788C
:106DB00012F0070211FA02F20260E06800900098F7
:106DC000421E00920028FAD1DFF8C4232078C010B8
:106DD00012EBC010237813F0070311FA03F30360DA
:106DE000E06800900098431E00930028FAD12079B3
:106DF000C01012EBC012207910F007008140116022
:106E0000E06800900098411E00910028FAD113BD5F
:106E100038B504000D00002C01D0012000E0002056
:106E20006A22DFF86813C0B2FCF783FEDFF8641350
:106E300001222078C01011EBC010237813F0070353
:106E400012FA03F30360EDB2002D0CD02079C010CC
:106E5000DFF83C3313EBC013207910F0070012FA6F
:106E600000F0186009E02079C01011EBC010237900
:106E700013F0070312FA03F30360E0680090009830
:106E8000431E00930028FAD1DFF804332078C010A5
:106E900013EBC010257815F0070512FA05F505600B
:106EA000E06800900098451E00950028FAD12078EF
:106EB000C01011EBC011207810F0070012FA00F09A
:106EC00008602079C01013EBC013207910F0070080
:106ED00082401A6031BD2DE9FC410400002C01D034
:106EE000012000E000208622DFF8A012C0B2FCF7EB
:106EF00020FE0025DFF8EC6201272078C01016EB99
:106F0000C010217811F0070117FA01F10160DFF8D4
:106F100080822079C01018EBC010217911F0070190
:106F200017FA01F10160002200216068C0B200F090
:106F300060FEE06800900098411E00910028FAD1A0
:106F40002078C01018EBC018207810F0070017FA4E
:106F500000F0C8F80000E06800900098411E009121
:106F60000028FAD16068C0B200F022FE002800D0EC
:106F700001252078C01016EBC016207810F007000D
:106F800087403760032201216068C0B200F031FE03
:106F9000E06800900098411E00910028FAD1280076
:106FA000C0B2BDE8F6817CB504000D00002C01D014
:106FB000012000E00020A822DFF8D011C0B2FCF7C9
:106FC000B8FD80210800C0B200284ED02800C0B211
:106FD00008420CD00120227912F007029040227959
:106FE000D210DFF8AC3113EBC21318600BE00120B4
:106FF000227912F0070290402279D210DFF8E431B2
:1070000013EBC2131860C9B24908E0684008009049
:107010000098421E00920028FAD10122207810F038
:10702000070012FA00F02378DB10DFF8646116EB3A
:10703000C3163060E06800900098431E009300285B
:10704000FAD1207810F0070082402078C010DFF8D5
:10705000943113EBC0131A60E06840080090009868
:10706000421E00920028FAD1ACE72000FFF733FF60
:10707000012801D1002000E00120C0B276BD2DE939
:10708000FC4704000D00002C01D0012000E000208E
:10709000C222DFF8F810C0B2FCF74BFD002608272B
:1070A000DFF8F0805FF001092078C01018EBC01005
:1070B000217811F0070119FA01F10160E0680090F0
:1070C0000098411E00910028FAD1DFF8C4A0207971
:1070D000C0101AEBC010217911F0070119FA01F163
:1070E0000160002200216068C0B200F082FD27E04C
:1070F0002078C01018EBC010217811F0070119FAA0
:1071000001F10160E06800900098411E00910028A4
:10711000FAD12078C0101AEBC010217811F00701C5
:1071200019FA01F10160E06800900098411E009199
:107130000028FAD16068C0B200F03AFD50EA460675
:107140003800471EC0B20028D2D12078C01018EBFA
:10715000C018207810F0070019FA00F9C8F800905C
:10716000032201216068C0B200F043FDE068009096
:107170000098411E00910028FAD12900C9B22000D0
:10718000FFF746FE3000C0B2BDE8F687D0AA08106F
:10719000080031400400314070B504000D001600B5
:1071A000002C01D0012000E0002040F28D22474950
:1071B000C0B2FCF7BEFC2000FFF78CFD217A49002D
:1071C000C9B22000FFF7EFFE2900C9B22000FFF787
:1071D000EAFE3100C9B22000FFF7E5FE2000FFF70C
:1071E000C8FD70BD0400314038B504000D00002C0E
:1071F00001D0012000E0002040F29F223349C0B2BC
:10720000FCF797FC00202000FFF764FD217A49007D
:10721000C9B22000FFF7C7FE2900C9B22000FFF75E
:10722000C2FE2000FFF7A5FD2000FFF753FD217AE5
:10723000490051F00101C9B22000FFF7B4FE01215D
:107240002000FFF71CFF05002000FFF792FD28003B
:10725000C0B232BD2DE9F843040088461700002C67
:1072600001D0012000E00020089D1E00DFF85C90A6
:1072700040F2BA224946C0B2FCF75BFC300029005C
:10728000C0B2C9B2884201D0012000E0002040F223
:10729000BB224946C0B2FCF74CFC3000C0B22060B3
:1072A0002800C0B2606084F80880E76003230122F0
:1072B00001213000C0B200F0C3FC032301220121F0
:1072C0002800C0B200F0BCFCBDE8F183D0AA0810D1
:1072D00070B504000D00DFF834682A0092B2120A7B
:1072E000D2B22100C9B23000FFF756FF2A00D2B255
:1072F000F0213000FFF750FF70BD2DE9F04704008A
:107300000D00012600275FF000085FF00A094846DB
:1073100040B2002836D0484640B2052190FBF1F239
:1073200001FB1200002810D1DFF8E0A72A0092B27A
:10733000120AD2B22100C9B25046FFF72DFF2A002F
:10734000D2B2F0215046FFF727FFDFF8C0A7210097
:10735000C9B25046FFF748FF0700F0215046FFF73B
:1073600043FF8046280080B23900C9B24246D2B2FB
:1073700052EA0122904202D10020060002E0B9F157
:107380000109C4E7300040B2BDE8F08770B50400E1
:10739000DFF878672100C9B23000FFF725FF05004C
:1073A000F0213000FFF720FFEDB2C0B250EA052017
:1073B00080B270BDF8B50400002500260127DFF873
:1073C0004C075C210172E168C1602168016061685D
:1073D00041600020FFF7DAFF0600300041F224315F
:1073E00080B288420BD0300041F2113180B2884225
:1073F00005D0300041F2133180B2884202D1002022
:10740000070004E06D1C2800C0B21528E1DB38003D
:10741000C0B2F2BD2DE9F14F8AB05FF0000A00243E
:107420000020ADF8200000250020ADF80600002067
:10743000ADF81E000020ADF81C0000265FF000082B
:1074400000270A98C088ADF808000A984089ADF86E
:107450000A000A98C089ADF80C000A98408AADF875
:107460000E000A98C08AADF810000A98408BADF85B
:1074700012000A98C08BADF814000A98408CADF841
:1074800016000A98C08CADF81A004BF6EF61FE208A
:10749000FFF71EFF03210C20FFF71AFF0020FFF764
:1074A00075FF070041F224393800494680B288420E
:1074B0000BD0380041F2113180B2884205D038003B
:1074C00041F2133180B2884200D109E018F101087D
:1074D0004046C0B2142802DB0120060000E0DDE7D0
:1074E0003000C0B2002840F00C83BDF810007928AD
:1074F00007DABDF810008000ADF806005AF0020A65
:1075000015E0BDF81000F12807DABDF810004000C2
:10751000ADF806005AF0010A09E0BDF8100040F28B
:10752000E111884203DABDF81000ADF80600BDF89D
:107530000E00BD2806DABDF80E00800005005AF0E6
:10754000080A15E0BDF80E0040F27911884206DA0B
:10755000BDF80E00400005005AF0040A08E0BDF82E
:107560000E0040F2F121884202DABDF80E0005005B
:10757000DFF89CB540F24E31280080B2091ACBF8F2
:1075800000103800494680B288427AD148F28831EA
:107590000720FFF7B2FE80190600DFF87815BDF866
:1075A0001020921C2B009BB2DBF80000C3185A433A
:1075B000121D91FBF2F00400200080B240F2F511A0
:1075C000884202DB4FF4FA7004002000BDF80C1072
:1075D00080B2884201D2ADF80C40DFF83C15DFF8EC
:1075E0003405BDF80C2090FBF2F2121F2B009BB269
:1075F000DBF80000C31892FBF3F2BDF81000121A7A
:107600000A6047F621600A68824202DA0A68022AA2
:107610000EDA0A68022A02DA0220086008E00A6824
:10762000824203DB47F62060086001E008680860DA
:10763000DFF8E004BDF80C2090FBF2F2121F09689D
:10764000BDF81000411892FBF1F1280080B2091A30
:10765000CBF80010DBF800003D2803DA3D20CBF822
:10766000000081E0DBF80000B0F5806F04DB40F241
:10767000FF30CBF8000077E0DBF80000CBF800002B
:1076800072E0DFF89014BDF81020121D2B009BB2A1
:10769000DBF80000C3185A43121D91FBF2F00400FE
:1076A000200080B240F2F511884202DB4FF4FA70FC
:1076B00004002000BDF80C1080B2884201D2ADF861
:1076C0000C40DFF85414DFF84C04BDF80C2090FB9C
:1076D000F2F2121F2B009BB2DBF80000C31892FBE2
:1076E000F3F2BDF81000121A0A6040F6B9300A68C9
:1076F000824202DA0A68042A0EDA0A68042A02DAE6
:107700000420086008E00A68824203DB40F6B830D3
:10771000086001E008680860DFF8F803BDF80C2095
:1077200090FBF2F2121F0968BDF81000411892FB9D
:10773000F1F1280080B2091ACBF80010DBF8000044
:107740002B2803DA2B20CBF800000DE0DBF800003B
:10775000B0F5806F04DB40F2FF30CBF8000003E0AF
:10776000DBF80000CBF80000DFF8AC030168BDF8DF
:1077700010004118891EBDF80A00814208DADFF8BE
:1077800098030168BDF810004118881EADF80A0082
:10779000280080B2D0F53C70022190FBF1F0BDF9D9
:1077A0001210020012B2D14203DA010009B24942BA
:1077B00009E00100BDF9122009B2914201DA01008D
:1077C00001E0BDF91210ADF81210401CBDF9121005
:1077D000411AADF81E10BDF80610D1F5F071022265
:1077E00091FBF2F1BDF914200B001BB2DA4203DA6F
:1077F000080000B2404209E00800BDF9142000B2C0
:10780000904201DA080001E0BDF91400ADF814005F
:10781000091DADF82010BDF92010BDF91400411864
:10782000ADF81C1001211B20FFF767FD80198DF8B2
:1078300004009DF804000090BDF81E100120FFF721
:107840005CFD009940188DF804009DF8040000903C
:10785000BDF81C100220FFF750FD009940188DF86C
:1078600004009DF804000090BDF806100320FFF707
:1078700044FD009940188DF804009DF80400009024
:10788000290089B20420FFF738FD009940188DF8CF
:1078900004009DF804000090DBF80000010089B2AC
:1078A0000520FFF72AFD009940188DF804009DF887
:1078B00004B099480068010089B20620FFF71DFD59
:1078C00010EB0B0B8DF804B09DF804B04FF4B271BF
:1078D0000A20FFF712FD10EB0B0B8DF804B09DF89A
:1078E00004B040F2BB110820FFF707FD10EB0B0BB3
:1078F0008DF804B09DF804B040F2D9110920FFF7CB
:10790000FCFC10EB0B0BBDF80800002807D1BDF8FC
:107910000A100B20FFF7F1FC10EB0B0083465AF422
:107920004C7189B20D20FFF7E8FC10EB0B008DF8CD
:1079300004009DF8046027213120FFF7DEFC861942
:107940008DF804609DF804601A213220FFF7D5FC01
:1079500086198DF804609DF8046005213320FFF737
:10796000CCFC8619BDF816103520FFF7C6FC80192F
:107970008DF80400380080B2484529D1504680B2C5
:10798000042801DB012100E000219DF80460C9B258
:10799000090189B27220FFF7B0FC86198DF80460E6
:1079A0009DF8049040F201110F20FFF7A6FC10EBA8
:1079B000090981214720FFF7A0FC83461BEB090B37
:1079C000EC214820FFF799FC060016EB0B0615E0AA
:1079D0009DF8049011210F20FFF78FFC10EB09098F
:1079E00081214720FFF789FC83461BEB090BE72128
:1079F0004820FFF782FC060016EB0B064FF462717D
:107A00000720FFF77AFC80198DF804009DF804B078
:107A100040F203311C20FFF770FC10EB0B0B03212D
:107A20002C20FFF76AFC814619EB0B09BDF8080012
:107A3000002807D10021AF20FFF75FFC060016EBFE
:107A400009064DE0BDF80810A520FFF756FC06001A
:107A500016EB09060221A620FFF74FFC83461BEB1D
:107A6000060B0221A820FFF748FC10EB0B008DF855
:107A70000400BDF80E10BDF810004143042091FB36
:107A8000F0F0B0F5803F08DABDF80E10BDF8100038
:107A90004143042091FBF0F101E04FF6FF719DF8A6
:107AA000046089B2B020FFF728FC86198DF80460C5
:107AB0009DF804901421AE20FFF71FFC10EB09097C
:107AC00040F20111AF20FFF718FC83461BEB090BB6
:107AD000BDF80A10AD20FFF710FC060016EB0B06F0
:107AE000BDF808000D490860BDF80A000C4908609F
:107AF000BDF810000B4908604DF6AD61FE20FFF7A0
:107B0000E7FB3000C0B20BB0BDE8F08FA0830328C4
:107B100008840328C0FC9B01048403280C840328E8
:107B200010840328148403280069C84010F0010061
:107B30007047012212FA01F181607047012212FAA6
:107B400001F141607047012212FA01F1C1607047F2
:107B500010B48900436C0F248C40A34312F00F0231
:107B600012FA01F11943416410BC704780B5C9B2E3
:107B700000290ED00100C9B2082291FBF2F302FBEA
:107B80001311514AC0B2C010C0011044FFF7D1FF19
:107B90000DE00100C9B2082291FBF2F302FB1311C0
:107BA000494AC0B2C010C0011044FFF7C7FF01BD71
:107BB00080B50100C9B2082291FBF2F302FB131158
:107BC000414AC0B2C010C0011044FFF7ADFFC0B2BF
:107BD00002BD80B50100C9B2082291FBF2F302FB9D
:107BE0001311394AC0B2C010C0011044FFF7ABFFF7
:107BF00001BD10B5C9B200290BD1D2B2002A02D002
:107C0000022A02D003E00F220BE00B2209E00A2235
:107C100007E0D2B2042A01D10C2200E00E2212F0B9
:107C200007020100C9B2082391FBF3F403FB14110E
:107C3000254BC0B2C010C0011844FFF789FF10BD2A
:107C40002DE9F8418DB004000E0015001F0034210D
:107C50000022E8464046FAF789FBF6B2002E0ED124
:107C6000FFB2002F02D0022F03D005E00F200190B9
:107C70000DE0082001900AE00820019007E0FFB223
:107C8000042F02D10F20019001E00E20019020006E
:107C9000C0B2C0280FD02100C9B208206A4691FBAB
:107CA000F0F300FB131108482300DBB2DB10DB010B
:107CB0001844FCF74EF82900C9B22000C0B2FFF703
:107CC00055FF0EB0BDE8F08100003140DFF8C4116F
:107CD0000868C0F34000002801D0022002E00868D4
:107CE00010F001007047DFF8B001006810F00100EB
:107CF00070470000C21E022A01D3012002E0C01E0C
:107D00000860002070471CB5FF246946FFF7F2FFAA
:107D1000C0B2002802D02000C0B207E0DFF8FC01AA
:107D2000009950F8210010F00100C0B216BD00000B
:107D3000002801D0032801D3012002E0401E086082
:107D4000002070471CB5FF246946FFF7F1FFC0B261
:107D5000002802D02000C0B208E0DFF8C40100997A
:107D600009010844C06810F00100C0B216BD00004F
:107D7000DFF8BC010068800810F00100704738B5DA
:107D800004002000C0B2082811D3DFF8985118224F
:107D9000DFF89411280000F00DFC0020E87540F693
:107DA0005B00DFF888110860002000F03BFCDFF882
:107DB000CC112000C0B251F82000C0F300200028F0
:107DC00005D0E4B251F8240010F00F0000E0FF20CD
:107DD00032BD38B504002000C0B2082811D3DFF846
:107DE00044511822DFF84011280000F0E3FB002086
:107DF000E8754FF40960DFF834110860002000F0E6
:107E000011FCDFF87801E4B250F82400C0F301104F
:107E1000C0B232BDDFF868211368C3F307230360E3
:107E20001068C0F3C40008607047DFF85821136879
:107E3000C3F3072303601068C0F3C40008607047F1
:107E400038B50400072C11D3DFF8D8501822DFF81A
:107E5000C411280000F0AEFB0020E8754FF4CE708E
:107E6000DFF8C8100860002000F0DCFBDFF8A0019C
:107E700050F8240010F00700010009B2042907D1CE
:107E8000DFF8880150F8240010F01F0050F48070D3
:107E900000B232BD2415264040152640DFF8B0124E
:107EA00009688A03920B0260090E11F00101C17189
:107EB000DFF8A01209680A00D204D20C82800A00FE
:107EC000120C02F0FF020281090C01F0FF01418156
:107ED000DFF84411096811F00F0202730A00C2F3BF
:107EE000031242730A00120AD204D20CC281090F93
:107EF00011F003010174DFF8641309680A00120A23
:107F000012F0070282710A00120CD205D20D4282D1
:107F1000890F11F0010101757047000040162640DD
:107F200000192640A482032824A60810D48303281D
:107F3000100027401CB50C006946FFF7DBFE01006E
:107F4000C9B2002901D0C0B217E0DFF8B40400992B
:107F500050F8210010F07F012160C0F3042161601E
:107F6000C0F30441A1600100090F11F00301617326
:107F7000C00E10F001002073002016BD40122640F4
:107F800008002040080420401CB50C006946FFF79B
:107F9000CFFE0100C9B2002901D0C0B235E0DFF840
:107FA000101500980001085800F0FF022260C0F38D
:107FB00004226260C0F30442A260000F10F00300CC
:107FC000207300980001084442681000C00F6073DD
:107FD000C2F30270002801D0012000E00020A0734D
:107FE00022F07F422261009800010844806801006D
:107FF000C90F21750100090E11F001016175A0750D
:10800000000C10F00700E075002016BD00012640AE
:1080100000122640A4A608103815264080B501009D
:10802000DFF868051822F9F749F80120DFF8601534
:108030000870002002BDDFF85C150968C90F00292F
:1080400008D0DFF84C150978002907D1002101601C
:1080500003207047002101600320FAE7DFF82C15A8
:10806000096801600020F4E710B50400FFF72EFE58
:10807000002803D10020206003200DE0DFF8100568
:108080000078002805D0DFF8040580682060002013
:1080900002E000202060032010BD0000DFF8F01493
:1080A0000978002905D0DFF8E41449680160002050
:1080B00002E00021016003207047DFF8DC1409684A
:1080C000C90F002908D0DFF8C8140978002907D1A2
:1080D0000021016003207047002101600320FAE7BE
:1080E000DFF8A814C96801600020F4E7DFF8AC14D9
:1080F0000968C90F002908D0DFF89414097800290D
:1081000007D1002101600320704700210160032096
:10811000FAE7DFF87814096901600020F4E710B588
:108120000400FFF725FE002803D100202060032073
:108130000DE0DFF85C040078002805D0DFF84C047F
:1081400040692060002002E000202060032010BD74
:10815000301526403415264010B50C00C0B2FFF78C
:108160006FFE00280ED0012810D0022812D0B0F5E2
:10817000887F13D040F21111884213D0B0F58A7F66
:1081800014D017E02000FFF756FF16E02000FFF79D
:1081900085FF12E02000FFF767FF0EE02000FFF7E9
:1081A0008CFF0AE02000FFF7BAFF06E02000FFF78F
:1081B0009DFF02E000202060032010BD80B501007B
:1081C0000020FFF7C9FF02BD80B50322D2B2824270
:1081D00003D200200860012003E0401CC0B2FFF77A
:1081E000BBFF02BD18B587B004006846FFF7E6FF85
:1081F0000100C9B2002903D000212160C0B22BE0E8
:1082000001A8FFF74BFE9DF81400022803D1009847
:108210002060002020E0DFF888030068C00F0028FD
:1082200008D0FFF760FDC0B2002807D10020206011
:10823000032011E00098206000200DE000990198D3
:108240004143BDF80800B1FBF0F09DF80B10491C4C
:10825000B0FBF1F02060002008B010BD3C152640B6
:10826000F0B58BB005000C0069462800C0B2FFF7DE
:10827000ABFF0100C9B2002903D000212160C0B2C8
:10828000BCE02800C0B202284CD307A92800C0B225
:10829000401CFFF74FFEC0B2002811D0DFF8046386
:1082A0001822DFF80413300000F084F90020F07584
:1082B00040F66310DFF8F4120860002000F0B2F915
:1082C0004F482900C9B200EB810050F8080CC00FDC
:1082D000002807D09DF82900022807D100982060C7
:1082E00000208BE000982060002087E0EDB26D1C3C
:1082F0002800FFF708FD0100C9B2002902D0C0B272
:10830000FF2803D100202060032077E00099079820
:1083100041430898B1FBF0F00999B0FBF1F02060FF
:1083200000206BE001A92800C0B2401CFFF72CFE22
:10833000C0B2002811D0DFF86C621822DFF8681292
:10834000300000F037F90020F07540F67F10DFF8BC
:108350005C120860002000F065F955482900C9B298
:1083600009014058C00F002807D09DF810000228CE
:1083700007D100982060002040E000982060002095
:108380003CE0EDB26D1C2800FFF7DCFC0100C9B237
:10839000002902D0C0B2FF2803D1002020600320B2
:1083A0002CE09DF8110001281DD1009A0023019EA8
:1083B00000273F0647EA162736060598002136189B
:1083C0004F41A6FB020106FB031107FB0211029AB3
:1083D000039BA3FB0223F9F709F8000E40EA0120F2
:1083E000090E206009E00099019841430298B1FB11
:1083F000F0F00399B0FBF1F0206000200BB0F0BD6D
:108400000016264010B50323421E0400E4B2002CDF
:1084100003D10800FFF7E6FE0CE01400DBB2E4B283
:10842000A34204D31000C0B2FFF71AFF02E0C0B2AB
:10843000FFF792FE10BD38B505000C002800C0B251
:10844000FFF79DFC0100C9B2FF2904D12000FFF70E
:10845000F2FDC0B21BE06946C0B2FFF7D3FF0100D6
:10846000C9B2002903D000212160C0B20FE028006A
:10847000C0B2FFF7AEFCC0B2002805D002280BD076
:1084800006D303280CD00FE000982060002032BDF6
:10849000009840082060F9E7009880082060F5E720
:1084A0000098C0082060F1E7002020600320EEE77C
:1084B000001926401FB5040002A90120FFF7BBFFE9
:1084C0000100C9B2002903D000212160C0B21AE026
:1084D000694601A8FFF79EFC01980021421C71F13A
:1084E000FF335B0143EAD263520100980021121866
:1084F0004B4102980021490141EAD0614001F8F75F
:1085000075FF2060002004B010BD1FB5040002A953
:108510000120FFF790FF0100C9B2002903D000211C
:108520002160C0B21AE0694601A8FFF77EFC0198FD
:108530000021421C71F1FF335B0143EAD263520117
:108540000098002112184B4102980021490141EA8C
:10855000D0614001F8F74AFF2060002004B010BD50
:1085600080B5DFF84C100A68C2F303220E2A07D048
:108570000968C1F303210D2905D1FFF7C6FF02BD2C
:10858000FFF798FFFBE70120F9E700008C82032842
:108590002684032818152640081526400C15264069
:1085A00030152640A4820328A4A60810D4830328EB
:1085B0000000204001B58B071AD1830724D1121F78
:1085C00021D351F8043BA3F1013C2CEA030C1CF02D
:1085D000803C04BF40F8043BF1E79CFA8CFCBCFAF9
:1085E0008CF1C1F118018B40CB4040F8043B13E003
:1085F000042A09D311F8013B521E00F8013B5BB17C
:108600008B07F7D1D9E7121D5AB111F8013B521E61
:1086100000F8013B03B1F8D111001CBF0022F9F7AB
:10862000A9FE01BD01BEFEE780B5234A23490B68C0
:1086300093423ED00A60224A12684A62214A8A6204
:1086400002684A6042688A608268CA60C2680A61D9
:1086500002694A6142698A618269CA61C2690A62C1
:10866000F1EE102A12F0900F23D0174A8A62026AA4
:10867000CA62426A0A63826A4A63C26A8A63026B96
:10868000CA63426B0A64826B4A64C26B8A64026C7E
:10869000CA64426C0A65826C4A65C26C8A65026D66
:1086A000CA65426D0A66826D4A66C26D8A66006E50
:1086B000C86600F00BF801BDFAF9F8F72C80032822
:1086C00028ED00E0A4A3A2A1ABAAA9A8FEE70000A0
:1086D000D0F80803C005C00D704710F541710A6855
:1086E00052F480320A6010F541710A6832F4803227
:1086F0000A60D0F804037047C0F840127047D0F801
:108700000802C005C00D7047D0F80802C0F3C030A1
:10871000704738B505002800FFF7F1FF0400280076
:10872000FFF7F2FF0419002C01D1012000E0002026
:10873000C0B232BD0068C0F38130002801D1802072
:1087400000E04020704780B5FFF7C2FF02BD80B552
:10875000FFF7C3FF01BDC9B2082902D0102946D0D6
:1087600096E0DFF8E4110200D2B251F8222012683C
:1087700032F440420300DBB251F823301A600200A9
:10878000D2B251F82220D2F800225209520103003D
:10879000DBB251F82330C3F800220200D2B251F804
:1087A0002220D2F8002252F007020300DBB251F877
:1087B0002330C3F800220200D2B251F82220D2F8AE
:1087C0000023520952010300DBB251F82330C3F8F1
:1087D00000230200D2B251F82220D2F8002352F036
:1087E0000702C0B251F82000C0F8002350E0DFF8C3
:1087F00058110200D2B251F82220126832F44042DD
:108800000300DBB251F823301A600200D2B251F8F3
:108810002220126852F480420300DBB251F8233068
:108820001A600200D2B251F82220D2F80022520976
:1088300052010300DBB251F82330C3F800220200DA
:10884000D2B251F82220D2F8002252F00F020300D7
:10885000DBB251F82330C3F800220200D2B251F843
:108860002220D2F80023520952010300DBB251F852
:108870002330C3F800230200D2B251F82220D2F8EC
:10888000002352F00F02C0B251F82000C0F80023BC
:1088900070472DE9F84307000D0014000821380047
:1088A000C0B2FFF758FFDFF8A4603800C0B2305CF8
:1088B00008280FD03800C0B2305CC010DFF890102C
:1088C00011EBC01101203A00D2B2B25C12F00702E3
:1088D00090400860DFF8708029783800C0B258F8FE
:1088E0002000FFF709FF6D1C3800C0B258F82000C7
:1088F000FFF720FF81463800C0B258F82000FFF78C
:10890000FEFE8145F0D0641E002CE3D13800C0B2D9
:1089100058F82000FFF7FDFE0028F7D03800C0B25D
:10892000305C08280ED03800C0B2305CC010DFF8D0
:10893000241011EBC0110120FFB2F25D12F007020A
:1089400090400860BDE8F18340BF0228FC83032803
:1089500004003140080031402DE9F84380460D0005
:1089600016001C0008214046C0B2FFF7F4FEDFF8F5
:10897000C4704046C0B2385C08280FD04046C0B230
:10898000385CC010DFF8B01011EBC0110120424676
:10899000D2B2BA5C12F0070290400860DFF89C90F7
:1089A0004046C0B259F82000FFF7CDFE002805D0A0
:1089B0004046C0B259F82000FFF7C9FE297840466A
:1089C000C0B259F82000FFF797FE6D1C4046C0B2B8
:1089D00059F82000FFF79DFE0028F7D04046C0B2AE
:1089E00059F82000FFF7AFFE0028F7D04046C0B28C
:1089F00059F82000D0F840033070761C641E002C1B
:108A0000DCD14046C0B2385C082810D04046C0B225
:108A1000385CC010DFF8281011EBC01101205FFA9C
:108A200088F817F8082012F0070290400860BDE8A7
:108A3000F1830000FC8303280400314040BF02287A
:108A40000800314038B50400082C0FD3DFF8BC52C1
:108A50001822DFF8BC122800FFF7ACFD0020E875F3
:108A6000CD20AC4908600020FFF7DCFDAA48640176
:108A7000204432BD38B50400082C0DD3A34D182274
:108A8000A3492800FFF796FD0020E875E820A149DA
:108A900008600020FFF7C6FDA0486401204432BDF5
:108AA0009F4B1B6862F31F4361F30F0383607047A2
:108AB000C0687047006870479A4A126861F30F02F5
:108AC00082607047C1607047C069C00FC0B2704714
:108AD00080B500F05DF902BDFEB504000025924EA0
:108AE00020783070307804EB8000C078ADF800005A
:108AF000307804EB80008088ADF8020001208DF80A
:108B00000400002108E001220800C0B204EB80004C
:108B1000807882401543491C0800C0B20228F2DB6D
:108B2000002715E040F2FF3306E038003178C0B28C
:108B30008842F7D1BDF900301BB22A003800C0B21C
:108B400004EB8000811C3800C0B200F012F87F1CDA
:108B50003800C0B20228E8DB6846FCF7F1F80FF2F3
:108B6000F501BDF90000FCF72AF901206F490870F2
:108B7000F7BD38B51C006E4D2423584305440878D2
:108B8000286048786860AA602868FFF75BFF286162
:108B90006868FFF76FFF6861AA68A9686869FFF7EE
:108BA0007FFF0020A861AC8131BD2DE9F8430C00A6
:108BB00015005E490978002901D15E483EE0242174
:108BC0005B4A484302EB00065748007801FB00F17E
:108BD00002EB01075FF00109D7F8048019FA08F8E1
:108BE0005FEA0848706819FA00F93069002824D053
:108BF000B86900281FD1306900F0B2F8002818D1F8
:108C0000BFF34F8F206880B22060206858EA0008C8
:108C1000C4F8008021003069FFF754FF0120B861DB
:108C2000FD61BFF34F8F49463069FFF745FF0020D4
:108C300004E0414802E0404800E04048BDE8F283DB
:108C4000082904D23E4A42F82100002000E03D48B5
:108C50007047000080B535480078002808D03449B6
:108C6000314802782420424301EB020000F001F871
:108C700001BD7CB504000020009000266069FFF76C
:108C800017FF0500280C0004002827D0280C00043A
:108C9000616908602069FFF717FF00281ED0BFF345
:108CA0004F8F69462069FFF713FF002810D1009805
:108CB0000668360C0098007800F0FF00082807D2FC
:108CC0001F4951F820100800002801D0009888475B
:108CD000BFF34F8F3100206900F04AF8280411D00B
:108CE000ADB260690560E069002804D0E0698047A2
:108CF0000020E06104E0206A002801D0206A80475B
:108D00000020A0616069FFF7D5FE73BDA48203282F
:108D1000A4A70810D483032800002240001022409A
:108D2000F8B00810FCB00810248403282584032818
:108D3000488103280B028A0007028A0004028A0085
:108D40006C8203280A028A00194A126861F30F0232
:108D500042607047C0687047C069C00FC0B27047BA
:108D60000068C00F002801D1124800E000207047C1
:108D700038B504000D002000FFF7EEFF002805D0F5
:108D800029002000FFF7E0FF002000E0094832BD85
:108D900038B504000D002000FFF7DEFF002805D0E5
:108DA0002000FFF7D7FF2860002000E0014832BD17
:108DB000F4B0081001008A00C0B289B251EA006123
:108DC0000800704738B5AA4890ED010ADFED3E0A69
:108DD00020EE200AD0ED000A00249FED9F1AB4EE89
:108DE000410AF1EE10FA01DB9FED9C0A9FED9C1AFF
:108DF000B4EE410AF1EE10FA01D5B0EE410A9FED52
:108E0000991AF4EE410AF1EE10FA01DBF3EE090AC9
:108E1000BBEE091AF4EE410AF1EE10FA01D5F0EEBC
:108E2000410ABDEEC00A10EE101A9FED8F0A20EE27
:108E3000800ABDEEC00A10EE105A8E4A5278012AFE
:108E400001D154F00104827A052A02D154F00404BD
:108E500004E0807A062801D154F0020409B201200E
:108E6000FFF7AAFF00F041F9290009B20220FFF73D
:108E7000A3FF00F03AF9E4B2210009B20320FFF7A2
:108E80009BFF00F032F931BD10B5442100227A4C2D
:108E90002000F9F76BFA0020784908600020784933
:108EA0000860002077490870002077490870FBF7B8
:108EB0009DFF0020FCF716F810BD70490860704750
:108EC0006F4908607047000000004843F8B507008C
:108ED000694C6E4EF0692060306A6060F06AA06094
:108EE000F9F728FA2073F9F72EFA607396F8240040
:108EF000A073306B2061624801688F4202D3006822
:108F0000381A00E000206061614DB5F8E00160852D
:108F1000B5F9E60100EE100AB8EEC00ADFED520A1C
:108F200080EE200A84ED0B0A95F8E90184F8300000
:108F300095F8E50184F83100B5F8E601208795F849
:108F4000E80184F83A004D490868002805D008680F
:108F5000874202D308683F1A01E042F21077676344
:108F600096ED0A0ADFED410A80EE200A84ED0F0A31
:108F7000484890ED040BB7EEC00B84ED100A46484C
:108F800001782176417861768178A177C178E1779F
:108F900081882184817A84F82210C17A84F8231090
:108FA0008189A184817B84F82610C17B84F82710F5
:108FB000018A21858179A176C179E1760089A08332
:108FC000304F387800280CD13078002809D096F836
:108FD0003500002805D0F9F735F9002801D0012027
:108FE0003870294F3878002818D196F824000028C6
:108FF00008D0FBF745FF002804D0FBF746FF01200F
:1090000038700BE0FBF73CFF002807D195F8E90129
:10901000002803D0FBF739FF012038702000FBF750
:1090200065FF14484078012812D000210120FFF785
:10903000C3FE00F05AF800210220FFF7BDFE00F049
:1090400054F800210320FFF7B7FE00F04EF801E0CE
:10905000FFF7B8FEF1BD0000010096430000964303
:10906000000096C30100C8410000C8426666664021
:10907000148203284882032890810328D883032878
:10908000DC8303283084032831840328E880032804
:10909000107C0328E8820328BC820328010009B25F
:1090A000002908D4012210F01F018A40364900B27D
:1090B000400941F820207047010009B2002908D476
:1090C000012210F01F018A40304900B2400941F8E6
:1090D00020207047704701202D490870704780B5E7
:1090E00040682C490968884701BD7CB541F2883445
:1090F0000125012100910190254E00203070264865
:109100000078002801D1012000E00020234A6946B0
:10911000FFF74BFD00280AD103E00A20F9F70CFA0B
:109120000A3C002C03D030780128F6D10025280015
:10913000C0B276BD7FB504000D006846184991E8BD
:109140004C0080E84C008DF800406846FFF7C4FCF6
:1091500001211448FFF774FD68462100C9B200EBF5
:109160008100B0F90400FFF7A7FF68462100C9B2EB
:1091700000EB8100B0F90400FFF790FF054805609F
:10918000054804707FBD000000E100E080E200E0DF
:109190003A8403283CBF022839840328D79008105A
:1091A0004CB00810DF900810022801D301200FE016
:1091B0000B00DBB2042B01DB012009E09B4B03EB2E
:1091C0008000C9B2405C824201D3012000E000204F
:1091D0007047F8B506000F0015001C00022E01D3E1
:1091E00001201CE02A003900C9B23000FFF7DCFF83
:1091F000012801D1012012E03800C0B2002811D1AD
:10920000B4F5807F0CD28A487603304400EB8500A9
:1092100010F58050016864F30F2101600020F2BD59
:109220000120FCE7FFB2012F10D1B4F5803F0BD233
:109230007F487603304400EB850010F5A0500168AC
:1092400064F317210160E9E70120E8E70120E6E780
:1092500000B20012C0B27047F8B505000E0017004A
:10926000280000B2FFF7F4FF04002000C0B202287B
:1092700001D3012023E03A003100C9B22000C0B27E
:10928000FFF792FF012801D1012018E06849200072
:10929000C0B2400308442A00D2B200EB8200D0F8EA
:1092A000000CF6B266F3092067F30700E4B264032A
:1092B0002144EDB201EB8501C1F8000C0020F2BDA4
:1092C00070B504000D001600022C01D301201CE033
:1092D00032002900C9B22000FFF766FF012801D142
:1092E000012012E052496003085850F0004050F04D
:1092F000407050F47F00EDB265F3092066F307007B
:109300006203885064030859002070BD38B504001A
:10931000484D2000C0B2C001284410F5C070FAF7D3
:109320003DFAE4B2E40105EB040010F5C070FAF771
:1093300051FA31BD10B504003E482100C9B2C9013F
:10934000084410F5C070FAF735FA3B49E4B2095DFC
:10935000012902D14FF4FA5100E00821B0FBF1F0ED
:1093600010BD70B594B004000D00502100226E466F
:109370003000F8F7FBFF30482100C9B24554002205
:1093800001212000C0B210F5BA7000B2FFF764FFEF
:109390002000C0B210F5BA7000B2FFF759FF0923E0
:1093A00000220121C0B2FFF714FF2000C0B210F567
:1093B000BA7000B2FFF74CFF00220121C0B2FFF7E4
:1093C0007FFF5FF0FF30009000208DF80400002048
:1093D0008DF8050000208DF8060000208DF80800AB
:1093E00003208DF844000120129001208DF8070021
:1093F000104D69462000C0B2C001284410F5C0706D
:10940000FAF70CF92000C0B2C001284410F5C07072
:10941000FAF7C9F90021E4B2E40105EB040010F504
:10942000C070FAF7C5F914B070BD000064B0081040
:109430000000044000005940008403287047704732
:10944000C0B2002808D002280AD007D304280BD0C5
:1094500008D305280AD00BE082480AE0824808E0D9
:10946000824806E0824804E0824802E0824800E048
:1094700082487047C0B2002803D0022805D002D32A
:1094800005E074A004E074A002E07D4800E07B48A1
:109490007047C0B200280BD002280DD00AD3042890
:1094A0000ED00BD306280FD00CD307280ED00FE018
:1094B00074480EE06B480CE073480AE0734808E01B
:1094C000734806E0734804E0734802E0734800E024
:1094D0006A4870472DE9F04F89B0002000245FF002
:1094E0000108002500200890002007900026002099
:1094F0006B4800F0E7F8FAF76BFB03230022012129
:109500009820FEF79DFB012301220021A320FEF7F6
:1095100097FB002000F0E4F87823BC226149022088
:1095200000F0A3F9FCF76AFB002803D101208DF8B5
:10953000180002E000208DF81800F8F77FF85A496B
:109540000020FFF7F7FDFFF79FFC01210020FFF748
:1095500008FF0020FFF7DAFE9DF81810534800F0CE
:10956000BFF95AE03DA1524800F0BAF9C846089840
:10957000381A0A2807D30897F8F79AFA002802D071
:109580003800FFF79DFC9DF81800002812D04949CB
:10959000087800280ED0002008706D1C3800FCF7F9
:1095A0001CFC3800FFF789FC2000C0B2002801D065
:1095B00000F06AF90798381A142803D3079738007F
:1095C000FFF784FCB81BC82827D33E009820FEF77D
:1095D00000FB394F387AFFF74DFF8146B87AFFF725
:1095E00058FF8246DFF8D4B09BF8E801FFF728FF68
:1095F00097ED010AB7EEC00A8DED040B97ED000A56
:10960000B7EEC00A8DED020BCDF800905346020074
:109610009BF8E9112A4800F063F90020FFF78AFE61
:109620000700A320FEF7C4FA81465FFA88F8B8F174
:10963000000F9BD04846C0B2002897D1E4B2002C5E
:1096400001D1012400E000242000C0B2002889D00C
:1096500003A188E743414D00475053006F66660001
:109660006F6E0000F8AF08106CB0081074B00810EE
:109670007CB0081004B0081084B008108CB008103A
:1096800094B008109CB00810A4B0081010B00810D6
:109690001CB00810ACB00810B4B00810BCB0081072
:1096A00080B2E60EA81703283D94081024AD0810D8
:1096B000E4AE08103584032814820328107C0328A4
:1096C000B0AC081080B50549086000F01DF9F8F746
:1096D0008DFF0020FAF734FD01BD0000F48303285C
:1096E000C0B200280AD001280FD0032814D00428C3
:1096F00019D005281ED0062823D022E0114812498F
:1097000008601248124908601BE012480E490860C0
:1097100011480F49086014E010480B4908601048D0
:109720000B4908600DE00F48074908600E480849DA
:10973000086006E00D48044908600D4804490860C7
:10974000FFE77047DF3A081034BF0228EF3A0810ED
:1097500038BF022825A4081089A408108DA5081078
:10976000F1A50810319F081029A008103D9B081092
:10977000059C08102DE9F84306000C001F005FF05F
:109780000008DFF84801AA21017002214170002C75
:1097900001D0002100E00121089D730153EA01136B
:1097A0001A4382700821C1708780C580DFF820913C
:1097B0000821D9F800209047F6B2012E04D014D326
:1097C000032E0DD007D310E0BFB2ADB26F43082017
:1097D00097FBF0F809E0BFB2ADB26F43B84604E0C2
:1097E000BFB2ADB26F437F00B846002C04D04146F3
:1097F0002000D9F800209047BDE8F183F8B50400B7
:109800000020DFF8D00085888178890600D56D00BA
:10981000DFF8BC60082132689047002720E038005C
:10982000C0B204EB8000C068002808D0290089B2CB
:109830003800C0B204EB8000C0683268904738003E
:10984000C0B204EB8000C06A002808D0290089B2A9
:109850003800C0B204EB8000C06A326890477F1CB9
:109860003800C0B20828DADBF1BD30B4194CAA25A3
:109870002570032565700825E570184C207221605D
:10988000A280E38030BC704738B5144C207A0028A1
:1098900001D0012000E000204FF4BC720E49C0B29C
:1098A000FAF747F90B4DE0880090A388AA7812F0E8
:1098B0000F022168207AFFF75DFFA87810F00F0FE4
:1098C00002D02000FFF79AFF31BD0000C4830328B7
:1098D00034BF0228CC83032898A808109C80032852
:1098E0000EB4C0B5024603A800210190009101AB5F
:1098F0000121044878440C30F6F7C5FB06BC5DF83E
:1099000010FB00BF4116000010B50020424908605E
:10991000BFF34F8F41480168C1F34E32C1F3C90311
:1099200043F6E07010EA421050EA83703C4C20602D
:109930001800431E0028F3D11000421E0028EDD16C
:10994000BFF34F8FBFF36F8FBFF34F8FBFF36F8F97
:10995000002034490860BFF34F8FBFF36F8F00F0D2
:1099600001F810BD38B586B068462F491822F7F7C0
:10997000A5FB6846FEF752FBC0B200280DD02B4C69
:1099800018222B492000FEF715FE0020E0754E201E
:10999000284908600020FEF745FE274D2800FEF705
:1099A000DFFDC0B200280DD0204C18222049200035
:1099B000FEF700FE0020E07550201E4908600020E0
:1099C000FEF730FE1D49286808600A681C488218A6
:1099D0001C48B2FBF0F01C4A10601C48096801F2F8
:1099E000E7314FF47A72B1FBF2F101600068C00315
:1099F0001749086007B030BD80B500F02DF8154953
:109A00000A6852F470020A60BFF34F8FBFF36F8F82
:109A100000F026F801BD000084ED00E080ED00E0DC
:109A200074EF00E050EF00E014AF0810A4820328A8
:109A300024A70810D4830328E0830328E4830328A1
:109A40003F420F0040420F00EC830328E8830328C5
:109A5000F083032888ED00E0EFF3108072B67047C2
:109A600080F310887047000038B50400002564209A
:109A700044431420FEF79CF8002805D10A20F8F78B
:109A80005BFD6D1CA542F4D3A54201D3012000E08B
:109A90000020C0B232BD38B504000D000820DFF848
:109AA000F41108600423220021000020FEF754FF77
:109AB000280080B2002806D0ADB22B00221D211D47
:109AC0000020FEF749FF0820DFF8CC11086031BD07
:109AD000F8B504000D0016000820DFF8B811086082
:109AE000022028706E8004232A0029000020FEF73F
:109AF00033FF300080B221280EDB20232A1D2100F5
:109B00000020FEF729FFB6B2203E320014F12001FA
:109B10000020FEF7BEFE0CE0B6B22F1D3200210081
:109B20003800F7F7BBFA20232A1D291D0020FEF775
:109B300013FF0820DFF860110860F1BDF0B589B0AF
:109B400006000C00554D2878002858D101202870B7
:109B50001CE03A0092B269463000FFF7B9FF9DF869
:109B60000000902803D09DF80000912809D1BDF88D
:109B70000200002805D0BDF8022001A94848FAF7E4
:109B800012FE380080B2241ABFB23E44002C2AD004
:109B900040F6F970844202D340F6F87700E02700DF
:109BA0004FF47A70FFF760FF0028D2D01BE002204C
:109BB0008DF800000020ADF8020020216846FFF774
:109BC0006AFF9DF80000902803D09DF800009128BE
:109BD00009D1BDF80200002805D0BDF8022001A976
:109BE0002F48FAF7E0FD9DF80000902805D14FF4CA
:109BF0007A70FFF739FF0028D9D0002028702000A4
:109C000009B0F0BD38B58AB004000D00002C01D0B9
:109C1000012000E000204FF40E722249C0B2F9F793
:109C200088FF00951D4D287800282AD10120287032
:109C30004FF47A70FFF718FF002820D102208DF82A
:109C400004000020ADF80600202101A8FFF723FF43
:109C50009DF80400902803D09DF80400912809D1B4
:109C6000BDF80600002805D0BDF8062002A90C4862
:109C7000FAF799FD9DF804009028D9D0FFE700205D
:109C8000287000236A4621000548FAF75CFE009818
:109C90000BB030BD04013140080131403784032846
:109CA0003083032860AA081038B5FFF7A5FE00F03E
:109CB00042F800F0C9F871490868800312D4BFF374
:109CC0004F8FBFF36F8F00206D4A1060BFF34F8F2F
:109CD000BFF36F8F086850F400300860BFF34F8FF8
:109CE000BFF36F8F0868C00324D40020654A10605A
:109CF000BFF34F8F64480268C2F34E33C2F3C90406
:109D000043F6E07010EA431050EA84705F4D28601B
:109D10002000441E0028F3D11800431E0028EDD176
:109D2000BFF34F8F086850F480300860BFF34F8F47
:109D3000BFF36F8F31BD70B586B0684654491822A5
:109D4000F7F7BCF900200AE069460200D2B201EB45
:109D5000C2014968491C11F0070F0DD1401C0100D8
:109D6000C9B2032909D269460200D2B211F83210F1
:109D700011F0070FE8D0FEE7FEE7464C207810F020
:109D8000070F00D0FEE7444D2868401C10F0070F75
:109D900000D0FEE7002622E068463100C9B200EBA1
:109DA000C10041683000C0B252F8300000F043F802
:109DB00014E000200028EFD02168491E3000C0B216
:109DC00052F8300000F037F868463100C9B200EBB5
:109DD000C10041682868401C00F02DF8761C300056
:109DE000C0B2032825D26A463000C0B252F8300013
:109DF000002813D020683100C9B252F831108842CF
:109E00000AD368463100C9B200EBC100406821683E
:109E1000884201D30120CDE70020CBE7684631001E
:109E2000C9B200EBC100406821688842C1D301205B
:109E3000C0E706B070BD0022002302E0C0E90023A5
:109E400008308842FAD3704730B414488008144967
:109E5000144A002308E01C00E4B252F824401D001C
:109E6000EDB241F825405B1C1C000500E4B2EDB2E8
:109E7000AC42F0D30C48016030BC704714ED00E0F8
:109E800050EF00E084ED00E080ED00E060EF00E0E6
:109E9000FCAE081084A5081088A5081080000000FA
:109EA000808403280000081008ED00E0FEB50400DF
:109EB0000D0001260821002201AF3800F8F756FAFC
:109EC000082000900120F8F762FB08200090012391
:109ED0006A4601A9DFF85000FAF705FE210001A843
:109EE00000F0CAF8002812D1DFF8401001A800F0F5
:109EF000C3F800280DD1DFF8601101A800F0BCF80C
:109F0000002806D12800451E0028DBD102E00026EB
:109F100000E001263000C0B2FEBD80B5DFF80800C9
:109F2000FAF7F6FB01BD000048830328C4B008100F
:109F30002DE9F04188B004000D00002C01D0012073
:109F400000E0002040F2BB32DFF81C11C0B2F9F78C
:109F5000F0FD42F21076370020210022E84640460C
:109F6000F8F704FADFF8FC8098F89300012852D142
:109F700098F8910000283FD1FFF7CFFF29006846ED
:109F800000F090F842F20100854205D3DFF8DC10C2
:109F90000120F8F77FFD04E0DFF8D4100120F8F786
:109FA00079FD98F89200012803D12CA10120F8F73F
:109FB00071FD69460120F8F76DFD29A10120F8F730
:109FC00069FD18A731003800FFF770FF002822D183
:109FD000FFF7A3FF2A0021000120F8F74CFD310014
:109FE0003800FFF763FF002815D1002513E0217822
:109FF0000120F8F72CFD641C2800451E00280AD01B
:10A00000B620FDF7D5FD002803D03800471E0128F3
:10A01000F6DA012FEBDAFFF780FF280008B0BDE881
:10A02000F08100004F4B000038B504000D00002CFB
:10A0300001D0012000E000204FF486620A49C0B23E
:10A04000F9F777FD009500236A4621000948FAF7E1
:10A050007AFC009832BD0000CCB00810302C000013
:10A060000D0A0000187F03280CA908107CAF081007
:10A0700040B008104883032870B50D462C7834B9D9
:10A0800070BD11F8013F1678B34206D0401C21463E
:10A09000F6F78CFF28B101462A4612F8013F002B43
:10A0A000EFD170BD38B584B005000C00002D01D093
:10A0B000012000E000209F22DFF87010C0B2F9F705
:10A0C00038FD00200021002D2DD0002C04D52D219D
:10A0D00029706D1C644206E0002C04D130202870E9
:10A0E00021E049420AE0002C19D00A2194FBF1F248
:10A0F00001FB12410200501C0029F2D46B46D2B27F
:10A1000099540A2194FBF1F4EDE769460200D2B2BA
:10A11000114411F8011C303129706D1C401E0100E2
:10A12000C9B20029F1D105B030BD000080A90810E6
:10A13000010009B2002908D4012210F01F018A4051
:10A140004F4900B2400941F820207047FEE780B532
:10A150004C4800684C4801680800C00F002805D032
:10A160004A488905890D50F8210080470020FFF7F3
:10A17000DFFF01BD80B54648006846480168080019
:10A18000C00F002805D041488905890D50F82100ED
:10A1900080470120FFF7CCFF01BD80B53E48006835
:10A1A0003E4801680800C00F002805D037488905DF
:10A1B000890D50F8210080470220FFF7B9FF01BD4B
:10A1C00080B537480068374801680800C00F00288C
:10A1D00005D02E488905890D50F8210080470320BD
:10A1E000FFF7A6FF01BD80B52F4800682F48016822
:10A1F0000800C00F002805D024488905890D50F8B3
:10A20000210080470420FFF793FF01BD80B5284857
:10A210000068284801680800C00F002805D01B48C6
:10A220008905890D50F8210080470520FFF780FF40
:10A2300001BD80B520480068204801680800C00FB3
:10A24000002805D011488905890D50F82100804764
:10A250000620FFF76DFF01BD80B519480068194859
:10A2600001680800C00F002805D008488905890D3D
:10A2700050F8210080470720FFF75AFF01BD00007A
:10A2800080E200E0D4B008100001204044B8022869
:10A29000D8B0081004012040DCB0081008012040AC
:10A2A000E0B008100C012040E4B00810100120407C
:10A2B000E8B0081014012040ECB00810180120404C
:10A2C000F0B008101C012040D0F8C80F7047C0F84B
:10A2D000C01FD0F8C00F7047D0F8880F7047C0F883
:10A2E000801FD0F8800F704780B50020F8F78DFBF5
:10A2F000FFF7EAFF400708D50020F8F786FB0421A6
:10A30000FFF7E5FFF9F7FCFB0DE00020F8F77DFB18
:10A31000FFF7E2FF800506D50020F8F776FB4FF443
:10A320000071FFF7DCFF01BD80B50120F8F76DFB80
:10A33000FFF7CAFF400708D50120F8F766FB0421A4
:10A34000FFF7C5FF00F0B6F80DE00120F8F75DFB60
:10A35000FFF7C2FF800506D50120F8F756FB4FF442
:10A360000071FFF7BCFF01BD80B50220F8F74DFB7F
:10A37000FFF7AAFF40070AD50220F8F746FB0421A1
:10A38000FFF7A5FFF7F729FAFFF759F80DE00220CC
:10A39000F8F73BFBFFF7A0FF800506D50220F8F792
:10A3A00034FB4FF40071FFF79AFF01BD80B5032025
:10A3B000F8F72BFBFFF788FF400706D50320F8F7D7
:10A3C00024FB0421FFF783FF0DE00320F8F71DFBBA
:10A3D000FFF782FF800506D50320F8F716FB4FF440
:10A3E0000071FFF77CFF01BD80B50420F8F70DFB7D
:10A3F000FFF76AFF400706D50420F8F706FB0421A3
:10A40000FFF765FF0DE00420F8F7FFFAFFF764FFA0
:10A41000800506D50420F8F7F8FA4FF40071FFF72D
:10A420005EFF01BD70B505000C00002D01D00120BC
:10A4300000E0002062222649C0B2F9F77AFB00262C
:10A4400007E01E2229000120F8F715FB1E351E3CEF
:10A450000026002C0CD0B620FDF7AAFB002809D15D
:10A460001E2CEED2220029000120F8F704FB002464
:10A47000200070BD761C300080B2642803DA012011
:10A48000F8F785F8E5E7F3E738B504000D00002C90
:10A4900001D0012000E00020B6220D49C0B2F9F73A
:10A4A00048FB009500236A4621000A48FAF74BFA58
:10A4B000009832BD10B5084C21000120F8F7F8FAD9
:10A4C000002804D0012221000248FAF76CF910BDDF
:10A4D00020A80810608303283884032872B61D4919
:10A4E00008684FEA102000F00F000E2808BF1A4934
:10A4F0000D2808BF1949072808BF1949082808BFAF
:10A500001849086820F00B0008600868BFF34F8FF7
:10A51000154816490860BFF34F8F1549086840F089
:10A52000070008601349086840F007000860BFF39F
:10A530004F8FBFF36F8F00200021124AE2E8020123
:10A540006A45FBD10C4FB8470C4FB8470C4FB84782
:10A55000FEE70000000020400C0020400C042040DA
:10A560000C0820400C0C20400000081008ED00E012
:10A5700090EF00E094EF00E0A99C081075AD081082
:10A58000C9AE081000FF0728FFFF072870B50500B7
:10A590000C00002D01D0012000E0002063221F49A3
:10A5A000C0B2F9F7C6FA002607E01E2229000120F2
:10A5B000F8F761FA1E351E3C0026002C0CD0B620A0
:10A5C000FDF7F6FA002809D11E2CEED22200290050
:10A5D0000120F8F750FA0024200070BD761C3000EE
:10A5E00080B2642803DA0120F7F7D1FFE5E7F3E74B
:10A5F00038B504000D00002C01D0012000E000203F
:10A60000B8220649C0B2F9F794FA009500236A46C9
:10A6100021000348FAF797F9009832BDF0A9081015
:10A6200018830328433A5C6D7970726F6A656374AE
:10A630005C435954344242375F4C696272617279AB
:10A640002D6D61737465725C5365656B66726565CB
:10A650005F4359543442425F4F70656E736F757239
:10A6600063655F4C6962726172795C6C6962726188
:10A67000726965735C73646B5C7476696962683473
:10A680006D5C7372635C647269766572735C737916
:10A6900073636C6B5C63795F737973636C6B2E6847
:10A6A00000000000433A5C6D7970726F6A656374F4
:10A6B0005C435954344242375F4C6962726172792B
:10A6C0002D6D61737465725C5365656B667265654B
:10A6D0005F4359543442425F4F70656E736F7572B9
:10A6E00063655F4C6962726172795C6C6962726108
:10A6F000726965735C73646B5C74766969626834F3
:10A700006D5C7372635C647269766572735C737995
:10A7100073636C6B5C63795F737973636C6B2E63CB
:10A7200000000000433A5C6D7970726F6A65637473
:10A730005C435954344242375F4C696272617279AA
:10A740002D6D61737465725C5365656B66726565CA
:10A750005F4359543442425F4F70656E736F757238
:10A7600063655F4C6962726172795C6C6962726187
:10A77000726965735C73646B5C7476696962683472
:10A780006D5C7372635C73797374656D5C737973FC
:10A7900074656D5F747669696268346D5F636D3787
:10A7A0002E630000433A5C6D7970726F6A65637462
:10A7B0005C435954344242375F4C6962726172792A
:10A7C0002D6D61737465725C5365656B667265654A
:10A7D0005F4359543442425F4F70656E736F7572B8
:10A7E00063655F4C6962726172795C6C6962726107
:10A7F000726965735C73646B5C636F6D6D6F6E5CC7
:10A800007372635C647269766572735C6970635CB1
:10A8100063795F6970635F6472762E680000000080
:10A82000433A5C6D7970726F6A6563745C43595426
:10A83000344242375F4C6962726172792D6D617387
:10A840007465725C5365656B667265655F435954E8
:10A850003442425F4F70656E736F757263655F4C13
:10A860006962726172795C6C696272617269657346
:10A870005C7A665F6465766963655C7A665F646569
:10A88000766963655F776972656C6573735F75611F
:10A8900072742E6300000000433A5C6D7970726F31
:10A8A0006A6563745C435954344242375F4C696251
:10A8B000726172792D6D61737465725C5365656B3D
:10A8C000667265655F4359543442425F4F70656EEE
:10A8D000736F757263655F4C6962726172795C6CEB
:10A8E00069627261726965735C7A665F636F6D70CD
:10A8F0006F6E656E74735C7365656B667265655FBC
:10A90000617373697374616E742E6300433A5C6D96
:10A910007970726F6A6563745C435954344242378C
:10A920005F4C6962726172792D6D61737465725CDE
:10A930005365656B667265655F4359543442425F87
:10A940004F70656E736F757263655F4C696272619B
:10A9500072795C6C69627261726965735C7A665F58
:10A960006465766963655C7A665F6465766963656C
:10A970005F776966695F756172742E63000000001D
:10A98000433A5C6D7970726F6A6563745C435954C5
:10A99000344242375F4C6962726172792D6D617326
:10A9A0007465725C5365656B667265655F43595487
:10A9B0003442425F4F70656E736F757263655F4CB2
:10A9C0006962726172795C6C6962726172696573E5
:10A9D0005C7A665F636F6D6D6F6E5C7A665F636FE6
:10A9E0006D6D6F6E5F66756E6374696F6E2E63005A
:10A9F000433A5C6D7970726F6A6563745C43595455
:10AA0000344242375F4C6962726172792D6D6173B5
:10AA10007465725C5365656B667265655F43595416
:10AA20003442425F4F70656E736F757263655F4C41
:10AA30006962726172795C6C696272617269657374
:10AA40005C7A665F6465766963655C7A665F646597
:10AA5000766963655F626C65366132302E63000033
:10AA6000433A5C6D7970726F6A6563745C435954E4
:10AA7000344242375F4C6962726172792D6D617345
:10AA80007465725C5365656B667265655F435954A6
:10AA90003442425F4F70656E736F757263655F4CD1
:10AAA0006962726172795C6C696272617269657304
:10AAB0005C7A665F6465766963655C7A665F646527
:10AAC000766963655F776966695F7370692E630095
:10AAD000433A5C6D7970726F6A6563745C43595474
:10AAE000344242375F4C6962726172792D6D6173D5
:10AAF0007465725C5365656B667265655F43595436
:10AB00003442425F4F70656E736F757263655F4C60
:10AB10006962726172795C6C696272617269657393
:10AB20005C7A665F6472697665725C7A665F64728D
:10AB3000697665725F736F66745F6969632E63001F
:10AB4000433A5C6D7970726F6A6563745C43595403
:10AB5000344242375F4C6962726172792D6D617364
:10AB60007465725C5365656B667265655F435954C5
:10AB70003442425F4F70656E736F757263655F4CF0
:10AB80006962726172795C6C696272617269657323
:10AB90005C7A665F636F6D6D6F6E5C7A665F636F24
:10ABA0006D6D6F6E5F6669666F2E6300433A5C6D14
:10ABB0007970726F6A6563745C43595434424237EA
:10ABC0005F4C6962726172792D6D61737465725C3C
:10ABD0005365656B667265655F4359543442425FE5
:10ABE0004F70656E736F757263655F4C69627261F9
:10ABF00072795C6C69627261726965735C7A665FB6
:10AC00006472697665725C7A665F64726976657291
:10AC10005F756172742E630000002115110E0D0C1A
:10AC20000B0B0A0A09090909090808080808080895
:10AC300007070707070707070707070707000000B9
:10AC400030313233343536373839616263646566A2
:10AC50006768696A6B6C6D6E6F707172737475760C
:10AC60007778797A0000000000000000000024409E
:10AC70000000000000005940000000000088C340B0
:10AC80000000000084D797410080E03779C341433A
:10AC9000176E05B5B5B89346F5F93FE9034F384D42
:10ACA000321D30F94877825A3CBF737FDD4F1575EE
:10ACB0005B4445435D2072763A256420726F61647F
:10ACC0003A2573207461736B3A2573207372633A6B
:10ACD00025732073746565723A252E326620737071
:10ACE000643A252E32660D0A0000000030B40025BB
:10ACF00012E050F8042BD30744BF4A44521E091FE8
:10AD0000042942F8045BFAD213468C0744BF15802D
:10AD10009B1CC90748BF1D7050F8041B0029E8D1CF
:10AD200030BC70470D0A5B434D375F305D20757056
:10AD300070657220636F72652072656164792E2080
:10AD400063616D6572613A25640D0A0000000000C0
:10AD50000100000002009001030032000400000026
:10AD600005000000060000000700000008002000A9
:10AD70000900000010B5074979441831064C7C449D
:10AD8000163404E00A68081D114488470146A142B0
:10AD9000F8D110BD2C000000480000004EF688518C
:10ADA000CEF20001086840F470000860BFF34F8FD6
:10ADB000BFF36F8F4FF00170E1EE100A7047000093
:10ADC0002DFFFFFFB4C4000088BF02280000000070
:10ADD0005F61FFFFB4030000D400000044B8022804
:10ADE00004207146084202D0EFF3098001E0EFF33E
:10ADF000088000B50149884700BD00002986081079
:10AE000080B58DF80000012269460120F8F788FE20
:10AE1000012802D19DF8000002BD4FF0FF3002BDB5
:10AE2000801C800803D0401C801EFCD100BF7047EE
:10AE3000EFF3108072B6704780F3108870470000FF
:10AE400000F00EF8002801D0FFF794FFAFF3008068
:10AE50000020AFF30080FEF73DFB00F003F8000098
:10AE60000020704700F000B807463846F6F7DCFBD4
:10AE7000FBE70000F1D906421400000A0500640057
:10AE8000000060EA0000D0070000C8000000B8ED34
:10AE90000D0A66696C65202573206C696E65202536
:10AEA000643A2025732E0D0A00000000042071462C
:10AEB000084201D0EFF30980EFF3088000B50149A3
:10AEC000884700BD59B008100548014603B46846DC
:10AED00080F30988AFF30080FFF760FFFFF7B0FF52
:10AEE000A5EDF5FE5B434D375F305D20696D616711
:10AEF000652073656E642025730D0A00000002282A
:10AF0000FFFF072800000020FF3F00200000000096
:10AF1000FF3F000000127A00000000000024F4004F
:10AF20000080000000800000008000000D0A6669BB
:10AF30006C65202573206C696E652025642E0D0AD2
:10AF40000000000038B504460D462846FFF758FFBC
:10AF5000A84218BF0024204632BD000066696C6517
:10AF60003A206D646B2F25730000000041737365F8
:10AF70007274206572726F720000000041542B439E
:10AF8000495053454E444C3D00000000F1D90601A4
:10AF90000300F00001FB1000F1D906010300F005E9
:10AFA00001001A00F1D906010300F00100FB1100B5
:10AFB000F1D906010300F00200FC1300F1D90601EB
:10AFC0000300F00400FE1700F1D906010300F006AB
:10AFD00000001B00F1D906010300F00700011D006D
:10AFE000F1D906010300F00800021F00F1D90601A3
:10AFF0000300F040003A8F005354524149474854EF
:10B00000000000004F42535441434C4500000000F3
:10B010004D494E455F534541524348004D494E45C9
:10B020005F524F544154450066696C653A20257360
:10B03000000000006C696E653A2025640000000085
:10B0400041542B43495053454E443D0000000606F1
:10B050000400070704000000816911F8021CC9B24E
:10B060000160704703010000101100104355525653
:10B07000455F4C0043555256455F52004C4F535468
:10B080000000000043524F5353000000554E4B4EFA
:10B090004F574E00465553454400000049444C4527
:10B0A00000000000434F4E4500000000425249445A
:10B0B00047450000535441495253000052455455EE
:10B0C000524E00004552524F520000006275737993
:10B0D0000000000000000000000000000000000070
:10B0E0000000000000000000000000000000000060
:10B0F0000000000000000000000000000000000050
:10B10000000000000000000000000000000000003F
:10B11000000000000000000000000000000000002F
:10B12000000000000000000000000000000000001F
:10B13000000000000000000000000000000000000F
:10B14000000000000800704700207047FFF7FEBFB6
:10B15000FFF746BEFFF744BEFFF742BEFFF7FEBF54
:10B16000FFF7FEBFFFF7FEBFFFF7FEBFFFF7FEBF13
:10B17000FFF7FEBFFFF7FEBFFFF7FEBFFFF7FEBF03
:10B18000FFF7FEBFFFF7FEBFF002FF4DA10810045E
:10B19000F1FF04F1FF04F1FF04F1FF04F1FF04F1FA
:10B1A0007704100744B8022845B108104904100973
:10B1B000D590081000006740000068041269041070
:10B1C000096640E9A2081029A30810690412AD0419
:10B1D00012E90410010000601C12650412640412DC
:10B1E00063041007624077010201020201041105A5
:10B1F0000206000000000000000000000000000047
:10B20000000000000000000000000000000000003E
:10B21000000000000000000000000000000000002E
:10B22000000000000000000000000000000000001E
:10B23000000000000000000000000000000000000E
:10B2400000000000000000000000000000000000FE
:10B2500000000000000000000000000000000000EE
:10B2600000000000000000000000000000000000DE
:10B2700000000000000000000000000000000000CE
:10B2800000000000000000000000000000000000BE
:10B2900000000000000000000000000000000000AE
:10B2A000000000000000000000000000000000009E
:10B2B000000000000000000000000000000000008E
:10B2C000000000000000000000000000000000007E
:0CB2D00000000000000000000000000072
:040000051008AEC968
:00000001FF
